Lot,No,Date,From plant,To plant,Status,STO,SAP,Part code,Qty,weight/pce,Est weight,L,W,H
1,1,44518,VN49,VN49,Recorded on SAP,8150281855,600001853,3917123,1,0.128,0.128,7,6,6
1,2,44518,VN49,VN49,Recorded on SAP,8150281855,600109508,4093825,1,0.5,0.5,20,12,10
1,3,44518,VN49,VN49,Recorded on SAP,8150281855,600001993,3939258,2,0.05,0.1,7,7,1
1,4,44518,VN49,VN49,Recorded on SAP,8150281855,600109507,A053R080,1,70,70,72,46,51
2,1,44518,VNT0,VNT0,Recorded on SAP,8150281905,600003033,LF3970,10,0.594,5.94,9.5,9.5,17
3,1,44530,VNT0,VNT0,Recorded on SAP,,600003951,3087587,6,1.2,7.2,23,9,6
3,2,44530,VNT0,VNT0,Recorded on SAP,,600002064,4000504,6,0.005,0.03,19,22,6
3,3,44530,VNT0,VNT0,Recorded on SAP,,600001373,3634664,2,0.3,0.6,1,22,35
3,4,44530,VNT0,VNT0,Recorded on SAP,,600010662,3086192,12,0.052,0.624,10,10,1
3,5,44530,VNT0,VNT0,Recorded on SAP,,600014822,3086193,12,0.068,0.816,15,10,1
3,6,44530,VNT0,VNT0,Recorded on SAP,,600000760,3043909,6,0.333,1.68,12,7,7
3,7,44530,VNT0,VNT0,Recorded on SAP,,600104346,5373849,6,0.2,1.2,37,25,1
3,8,44530,VNT0,VNT0,Recorded on SAP,,600000601,3011076,12,0.013,0.156,18,18,1
3,9,44530,VNT0,VNT0,Recorded on SAP,,600000616,3014668,12,0.01,0.12,10,10,1
3,10,44530,VNT0,VNT0,Recorded on SAP,,600000952,3081489,6,0.04,0.24,21,28,1
4,1,44531,VNT0,VNT0,Recorded on SAP,,600003881,4025322,11,0.37,4.07,12,6,9
4,2,44531,VNT0,VNT0,Recorded on SAP,,600001443,3801697,1,23,23,37,37,39
4,3,44531,VNT0,VNT0,Recorded on SAP,,600001443,3801697,1,23,23,37,37,39
4,4,44531,VNT0,VNT0,Recorded on SAP,,600000458,212161,1000,0.01,1,4,4,1
4,5,44531,VNT0,VNT0,Recorded on SAP,,600001443,3801697,2,23,46,37,37,39
4,6,44531,VNT0,VNT0,Recorded on SAP,,600002194,4893693,54,0.03,#N/A,#N/A,#N/A,#N/A
4,7,44531,VNT0,VNT0,Recorded on SAP,,600003951,3087587,10,1.2,12,23,9,6
4,8,44531,VNT0,VNT0,Recorded on SAP,,600000434,205898,140,0.032,4.48,1,1,1.3
4,9,44531,VNT0,VNT0,Recorded on SAP,,600000299,135675,10,0.5,5,12,7,7
4,10,44531,VNT0,VNT0,Recorded on SAP,,600000935,3077198,12,0.065,1.2,62,23,1
4,11,44531,VNT0,VNT0,Recorded on SAP,,600002220,68241,3,0.135,0.405,8,2,2
4,12,44531,VNT0,VNT0,Recorded on SAP,,600015388,4983584,3,0.476,1.428,16.5,11.1,9.8
4,13,44531,VNT0,VNT0,Recorded on SAP,,600002166,4089649,5,1.5,7.5,80,33,5
4,14,44531,VNT0,VNT0,Recorded on SAP,,600030227,4942278,25,0.1,2.5,2,2,2
4,15,44531,VNT0,VNT0,Recorded on SAP,,600017590,3969562,282,0.05,#N/A,#N/A,#N/A,#N/A
4,16,44531,VNT0,VNT0,Recorded on SAP,,600109021,4068673RX,4,21.33,85.32,34,21,25
4,17,44531,VNT0,VNT0,Recorded on SAP,,600045503,2882146,1,0.463,0.463,15,14,8
4,18,44531,VNT0,VNT0,Recorded on SAP,,600081265,5291050,1,2.176,2.176,15.5,12.3,10.5
4,19,44531,VNT0,VNT0,Recorded on SAP,,600003871,3094716,14,0.14,1.96,12,8,4
4,20,44531,VNT0,VNT0,Recorded on SAP,,600075950,3866885,1,0.113,0.113,15,4,15
4,21,44531,VNT0,VNT0,Recorded on SAP,,600107667,3050419RX,1,43.227,43.227,58,44,33
4,22,44531,VNT0,VNT0,Recorded on SAP,,#N/A,193-0244-99,12,,#N/A,#N/A,#N/A,#N/A
4,23,44531,VNT0,VNT0,Recorded on SAP,,600018392,4955230,1,3,3,100,39,5
4,24,44531,VNT0,VNT0,Recorded on SAP,,600028628,4955352,4,1.1,4.4,35.1,21.3,11.1
4,25,44531,VNT0,VNT0,Recorded on SAP,,600002192,4891178,8,0.065,0.52,7,7,9
4,26,44531,VNT0,VNT0,Recorded on SAP,,600015388,4983584,3,0.476,1.428,16.5,11.1,9.8
4,27,44531,VNT0,VNT0,Recorded on SAP,,600053590,5282841,1,10,10,32,32,25
4,28,44531,VNT0,VNT0,Recorded on SAP,,600075247,4327017,2,0.01,0.02,3,2,2
4,29,44531,VNT0,VNT0,Recorded on SAP,,600001268,3519627,2,0.06,0.12,10,15,1
4,30,44531,VNT0,VNT0,Recorded on SAP,,600001443,3801697,3,23,69,37,37,39
4,31,44531,VNT0,VNT0,Recorded on SAP,,600001443,3801697,1,23,23,37,37,39
4,32,44531,VNT0,VNT0,Recorded on SAP,,600001443,3801697,2,23,46,37,37,39
4,33,44531,VNT0,VNT0,Recorded on SAP,,600067616,4090028,21,0.11,2.31,18.2,17.4,6.3
4,34,44531,VNT0,VNT0,Recorded on SAP,,600032966,5257595,4,0.272,1.088,12,11,9
4,35,44531,VNT0,VNT0,Recorded on SAP,,600068576,2882145,1,7.71,7.71,33,27,28
4,36,44531,VNT0,VNT0,Recorded on SAP,,600093796,5473238,5,2.63,13.15,19,16,17
4,37,44531,VNT0,VNT0,Recorded on SAP,,#N/A,302-2057-34,1,,#N/A,#N/A,#N/A,#N/A
4,38,44531,VNT0,VNT0,Recorded on SAP,,600000793,3050692,3,1,3,13,12,13
4,39,44531,VNT0,VNT0,Recorded on SAP,,600000793,3050692,36,1,36,13,12,13
4,40,44531,VNT0,VNT0,Recorded on SAP,,600000793,3050692,9,1,9,13,12,13
4,41,44531,VNT0,VNT0,Recorded on SAP,,600020840,4920076,150,0.015,2.25,25,18,1
4,42,44531,VNT0,VNT0,Recorded on SAP,,600081265,5291050,2,2.176,4.352,15.5,12.3,10.5
4,43,44531,VNT0,VNT0,Recorded on SAP,,600018193,3942535,1,0.32,0.32,13,13,3
4,44,44531,VNT0,VNT0,Recorded on SAP,,600000579,3007525,15,12.493,187.395,24,24,41
4,45,44531,VNT0,VNT0,Recorded on SAP,,600000579,3007525,35,12.493,437.255,24,24,41
4,46,44531,VNT0,VNT0,Recorded on SAP,,600000579,3007525,16,12.493,199.888,24,24,41
4,47,44531,VNT0,VNT0,Recorded on SAP,,600002158,4089489,81,0.19,15.39,17,17,3
4,48,44531,VNT0,VNT0,Recorded on SAP,,600018559,3042713,60,0.04,2.4,3,2,2
4,49,44531,VNT0,VNT0,Recorded on SAP,,600002158,4089489,93,0.19,17.67,17,17,3
4,50,44531,VNT0,VNT0,Recorded on SAP,,600002171,4089811,25,0.21,5.25,17,3,17
4,51,44531,VNT0,VNT0,Recorded on SAP,,600028894,4955976,130,0.218,28.34,16,16,3
4,52,44531,VNT0,VNT0,Recorded on SAP,,600028894,4955976,15,0.218,3.27,16,16,3
4,53,44531,VNT0,VNT0,Recorded on SAP,,600107265,3918108,7,0.5,3.5,1,1,2
4,54,44531,VNT0,VNT0,Recorded on SAP,,600001359,3631241,18,8,144,17,17,26
4,55,44531,VNT0,VNT0,Recorded on SAP,,600002215,0511-0161-10,1,0.99,0.99,18,15,15
4,56,44531,VNT0,VNT0,Recorded on SAP,,600088255,5412996,1,0.54,0.54,20,20,12
4,57,44531,VNT0,VNT0,Recorded on SAP,,600001446,3801712,1,1.39,1.39,27.5,5.7,27.6
4,58,44531,VNT0,VNT0,Recorded on SAP,,600107929,4101077,2,1,2,10,10,10
4,59,44531,VNT0,VNT0,Recorded on SAP,,600080027,A026K278,2,0.13,0.56,9,8,8
4,60,44531,VNT0,VNT0,Recorded on SAP,,#N/A,4076598 ,1,0.23,#N/A,#N/A,#N/A,#N/A
4,61,44531,VNT0,VNT0,Recorded on SAP,,#N/A,4010077 ,1,0.05,#N/A,#N/A,#N/A,#N/A
4,62,44531,VNT0,VNT0,Recorded on SAP,,600080430,0300-6014,3,0.279,0.837,17,13,6
4,63,44531,VNT0,VNT0,Recorded on SAP,,600001483,3802322,11,0.2,2.2,3.5,3.5,17.6
4,64,44531,VNT0,VNT0,Recorded on SAP,,600001112,3288689,4,0.22,0.88,32,9,3
4,65,44531,VNT0,VNT0,Recorded on SAP,,600107231,2881766,1,4,4,121,46,8
4,66,44531,VNT0,VNT0,Recorded on SAP,,600107231,2881766,1,4,4,121,46,8
4,67,44531,VNT0,VNT0,Recorded on SAP,,600004266,3288554,2,0.18,0.36,28,9,3
4,68,44531,VNT0,VNT0,Recorded on SAP,,600028894,4955976,5,0.218,1.09,16,16,3
4,69,44531,VNT0,VNT0,Recorded on SAP,,600003099,WF2076,12,0.65,7.8,9.5,9.5,14
4,70,44531,VNT0,VNT0,Recorded on SAP,,600002393,AF25278,1,5.84,5.84,44,44,50
4,71,44531,VNT0,VNT0,Recorded on SAP,,600002393,AF25278,7,5.84,40.88,44,44,50
4,72,44531,VNT0,VNT0,Recorded on SAP,,600002393,AF25278,8,5.84,46.72,44,44,50
4,73,44531,VNT0,VNT0,Recorded on SAP,,600002750,FS1280,16,0.58,9.28,17,9.5,17
4,74,44531,VNT0,VNT0,Recorded on SAP,,600107730,AF4579,1,0.726,0.726,16.51,16.51,26.67
4,75,44531,VNT0,VNT0,Recorded on SAP,,600003081,LF9009,6,1.56,9.36,12,12,29.5
4,76,44531,VNT0,VNT0,Recorded on SAP,,600002729,FS1000,12,0.73,8.76,6.92,15.68,27.94
4,77,44531,VNT0,VNT0,Recorded on SAP,,600002909,LF3000,6,1.56,9.36,12.08,12.17,31.4
4,78,44531,VNT0,VNT0,Recorded on SAP,,600002384,AF25129M,8,3.2,25.6,30,29,44
4,79,44531,VNT0,VNT0,Recorded on SAP,,600014139,FF5580,24,4.25,102,9,9,17
4,80,44531,VNT0,VNT0,Recorded on SAP,,600003032,LF3959,6,0.594,3.564,6.96,15.79,20
4,81,44531,VNT0,VNT0,Recorded on SAP,,600002774,FS19605,12,1.37,16.44,9,9,8
4,82,44531,VNT0,VNT0,Recorded on SAP,,600002567,AF872M,1,5.56,5.56,48.5,48.5,41
4,83,44531,VNT0,VNT0,Recorded on SAP,,600107971,AF26326,4,4.47,17.88,36.5,36.5,61
4,84,44531,VNT0,VNT0,Recorded on SAP,,600002429,AF25593,2,5.73,11.46,43,43,63
5,1,44531,VNT0,VNT0,Recorded on SAP,8150283414,600002393,AF25278,4,5.84,23.36,44,44,50
6,1,44532,VN49,VN49,Recorded on SAP,8150283127,600002735,FS1040,2,8.37,16.74,12,12,30
6,2,44532,VN49,VN49,Recorded on SAP,8150283127,600002735,FS1040,1,8.37,8.37,12,12,30
6,3,44532,VN49,VN49,Recorded on SAP,8150283127,600102032,A054J968,3,2.5,7.5,36,23,15
6,4,44532,VN49,VN49,Recorded on SAP,8150283127,600002220,68241,6,0.135,0.81,8,2,2
6,5,44532,VN49,VN49,Recorded on SAP,8150283127,600088340,0416-1190,4,23,92,36,31,38
6,6,44532,VN49,VN49,Recorded on SAP,8150283127,600010565,4955239,12,0.222,2.664,4.4,4.4,24.1
6,7,44532,VN49,VN49,Recorded on SAP,8150283127,600003083,LF9018,174,1.975,343.65,11.5,11.5,32
6,8,44532,VN49,VN49,Recorded on SAP,8150283127,600003083,LF9018,900,1.975,1777.5,11.5,11.5,32
6,9,44532,VN49,VN49,Recorded on SAP,8150283127,600003083,LF9018,408,1.975,805.8,11.5,11.5,32
6,10,44532,VN49,VN49,Recorded on SAP,8150283127,600002853,HF6319,8,2.38,19.04,16.667,16.667,48.578
6,11,44532,VN49,VN49,Recorded on SAP,8150283127,600002853,HF6319,60,2.38,142.8,16.667,16.667,48.578
6,12,44532,VN49,VN49,Recorded on SAP,8150283127,600002813,HF35255,60,0.61,36.6,12.12,12.46,25.72
6,13,44532,VN49,VN49,Recorded on SAP,8150283127,600021075,HF28813,50,0.24,12,6,6,23
6,14,44532,VN49,VN49,Recorded on SAP,8150283127,600021075,HF28813,50,0.24,12,6,6,23
6,15,44532,VN49,VN49,Recorded on SAP,8150283127,600003586,HF28894,7,0.93,6.51,9.5,9.5,19
6,16,44532,VN49,VN49,Recorded on SAP,8150283127,600003586,HF28894,20,0.93,18.6,9.5,9.5,19
6,17,44532,VN49,VN49,Recorded on SAP,8150283127,600003586,HF28894,13,0.93,12.09,9.5,9.5,19
6,18,44532,VN49,VN49,Recorded on SAP,8150283127,600002890,HF7070,15,0.57,8.55,24.605,11.27,12.065
6,19,44532,VN49,VN49,Recorded on SAP,8150283127,600002890,HF7070,15,0.57,8.55,24.605,11.27,12.065
6,20,44532,VN49,VN49,Recorded on SAP,8150283127,600002874,HF6565,9,1.308,11.772,10.77,10.617,25.629
6,21,44532,VN49,VN49,Recorded on SAP,8150283127,600002874,HF6565,36,1.308,47.088,10.77,10.617,25.629
6,22,44532,VN49,VN49,Recorded on SAP,8150283127,600002836,HF6202,4,0.937,3.748,13.92,14.05,30.16
6,23,44532,VN49,VN49,Recorded on SAP,8150283127,600002836,HF6202,2,0.937,1.874,13.92,14.05,30.16
6,24,44532,VN49,VN49,Recorded on SAP,8150283127,600002433,AF25627,0,4,0,35,35,55
6,25,44532,VN49,VN49,Recorded on SAP,8150283127,600002433,AF25627,20,4,80,35,35,55
6,26,44532,VN49,VN49,Recorded on SAP,8150283127,600002415,AF25468,1,1.285,1.285,22,22,44
6,27,44532,VN49,VN49,Recorded on SAP,8150283127,600002415,AF25468,19,1.285,24.415,22,22,44
6,28,44532,VN49,VN49,Recorded on SAP,8150283127,600002532,AF4801,1,3.633,3.633,31.907,31.907,50.8
6,29,44532,VN49,VN49,Recorded on SAP,8150283127,600002532,AF4801,1,3.633,3.633,31.907,31.907,50.8
6,30,44532,VN49,VN49,Recorded on SAP,8150283127,600002534,AF4819,3,1.444,4.332,19.685,19.685,48.26
6,31,44532,VN49,VN49,Recorded on SAP,8150283127,600002534,AF4819,1,1.444,1.444,19.685,19.685,48.26
6,32,44532,VN49,VN49,Recorded on SAP,8150283127,600002534,AF4819,1,1.444,1.444,19.685,19.685,48.26
6,33,44532,VN49,VN49,Recorded on SAP,8150283127,600002362,AF1921M,5,4.73,23.65,31.907,31.907,63.34
6,34,44532,VN49,VN49,Recorded on SAP,8150283127,600002364,AF1922M,1,1.75,1.75,19.685,19.685,61.039
6,35,44532,VN49,VN49,Recorded on SAP,8150283127,600093190,5367762,1,20,20,44.5,32.5,24.5
6,36,44532,VN49,VN49,Recorded on SAP,8150283127,600003718,0300-4308-01,2,0.901,1.802,18,15,15
6,37,44532,VN49,VN49,Recorded on SAP,8150283127,600104627,FS53015,20,0.987,19.74,14.8,14.8,22
6,38,44532,VN49,VN49,Recorded on SAP,8150283127,600068575,4903472PX,6,1.66,9.96,26,13,5
6,39,44532,VN49,VN49,Recorded on SAP,8150283127,600107635,5633425,2,13.15,26.3,28,25,28
6,40,44532,VN49,VN49,Recorded on SAP,8150283127,600109589,A064S977,1,0.6,0.6,19,23,11
6,41,44532,VN49,VN49,Recorded on SAP,8150283127,600109671,0320-1710,1,0.072,0.072,4,5,1
6,42,44532,VN49,VN49,Recorded on SAP,8150283127,600109670,0320-1769-01,1,0.027,0.027,5,4,7
7,1,44540,VN49,VN49,Recorded on SAP,8150283750,600000318,0150-2201,2,0.126,0.252,8,6,11
7,2,44540,VN49,VN49,Recorded on SAP,8150283750,600082600,A045G121,1,2.34,2.34,34,34,15
7,3,44540,VN49,VN49,Recorded on SAP,8150283750,600002774,FS19605,12,1.37,16.44,9,9,8
7,4,44540,VN49,VN49,Recorded on SAP,8150283750,600003072,LF747,6,1.31,7.86,12,12,28
7,5,44540,VN49,VN49,Recorded on SAP,8150283750,600003072,LF747,72,1.31,94.32,12,12,28
7,6,44540,VN49,VN49,Recorded on SAP,8150283750,600002393,AF25278,1,5.84,5.84,44,44,50
7,7,44540,VN49,VN49,Recorded on SAP,8150283750,600002393,AF25278,1,5.84,5.84,44,44,50
7,8,44540,VN49,VN49,Recorded on SAP,8150283750,600074824,CC2869,15,22.54,338.1,28,28,27
7,9,44540,VN49,VN49,Recorded on SAP,8150283750,600002364,AF1922M,2,1.75,3.5,19.685,19.685,61.039
7,10,44540,VN49,VN49,Recorded on SAP,8150283750,600002385,AF25130M,6,0.674,4.044,16.002,16.002,41.402
7,11,44540,VN49,VN49,Recorded on SAP,8150283750,600003072,LF747,42,1.31,55.02,12,12,28
7,12,44540,VN49,VN49,Recorded on SAP,8150283750,600002433,AF25627,5,4,20,35,35,55
7,13,44540,VN49,VN49,Recorded on SAP,8150283750,600002433,AF25627,4,4,16,35,35,55
7,14,44540,VN49,VN49,Recorded on SAP,8150283750,600003586,HF28894,6,0.93,5.58,9.5,9.5,19
7,15,44540,VN49,VN49,Recorded on SAP,8150283750,600002874,HF6565,6,1.308,7.848,10.77,10.617,25.629
7,16,44540,VN49,VN49,Recorded on SAP,8150283750,600002433,AF25627,1,4,4,35,35,55
7,17,44540,VN49,VN49,Recorded on SAP,8150283750,600002362,AF1921M,2,4.73,9.46,31.907,31.907,63.34
7,18,44540,VN49,VN49,Recorded on SAP,8150283750,600082600,A045G121,1,2.34,2.34,34,34,15
7,19,44540,VN49,VN49,Recorded on SAP,8150283750,600033065,2881769,1,57,57,40,40,40
7,20,44540,VN49,VN49,Recorded on SAP,8150283750,600002156,4089478,1,2.412,2.412,100,38,5
7,21,44540,VN49,VN49,Recorded on SAP,8150283750,600095816,4372403,1,13.67,13.67,33,25,22
7,22,44540,VN49,VN49,Recorded on SAP,8150283750,600081510,3963815,1,5,5,72,22,22
7,23,44540,VN49,VN49,Recorded on SAP,8150283750,600092672,4334457,1,291,291,170,40,52
8,1,44553,VN49,VN49,Recorded on SAP,8150284730,600002627,DCA65L,60,2.285,137.1,12,12,26.5
8,2,44553,VN49,VN49,Recorded on SAP,8150284730,600002567,AF872M,1,5.56,5.56,48.5,48.5,41
8,3,44553,VN49,VN49,Recorded on SAP,8150284730,600081510,3963815,0,5,0,72,22,22
8,4,44553,VN49,VN49,Recorded on SAP,8150284730,600003099,WF2076,53,0.65,34.45,9.5,9.5,14
8,5,44553,VN49,VN49,Recorded on SAP,8150284730,600085241,880966,80,18,#N/A,#N/A,#N/A,#N/A
8,6,44553,VN49,VN49,Recorded on SAP,8150284730,600002740,FS1216,5,1.375,6.875,32,12,32
8,7,44553,VN49,VN49,Recorded on SAP,8150284730,600003102,WF2126,1,0.68,0.68,9.5,9.5,15
8,8,44553,VN49,VN49,Recorded on SAP,8150284730,600009310,FS20000,10,0.965,9.65,17.899,13.983,11.746
8,9,44553,VN49,VN49,Recorded on SAP,8150284730,600029501,FS19596,10,5.82,58.2,9.5,9.5,24
9,1,44557,VNT0,VNT0,Recorded on SAP,8150285082,600077702,3651893,3,35,105,63,22,33.8
9,2,44557,VNT0,VNT0,Recorded on SAP,8150285082,600002918,LF3325,278,1.7,472.6,12,12,19
9,3,44557,VNT0,VNT0,Recorded on SAP,8150285082,600102277,5529499,1,100,100,93,38,28
9,4,44557,VNT0,VNT0,Recorded on SAP,8150285082,600003590,AF4553M,75,4.43,332.25,38.257,38.257,53.815
9,5,44557,VNT0,VNT0,Recorded on SAP,8150285082,600002220,68241,6,0.135,0.81,8,2,2
9,6,44557,VNT0,VNT0,Recorded on SAP,8150285082,600003098,WF2075,130,0.59,76.7,6.96,15.79,16.51
9,7,44557,VNT0,VNT0,Recorded on SAP,8150285082,600002735,FS1040,1,8.37,8.37,12,12,30
10,1,44565,VN49,VN49,Recorded on SAP,8150285161,600003054,LF667,4,1.31,5.24,11,11,26
10,2,44565,VN49,VN49,Recorded on SAP,8150285161,600002393,AF25278,2,5.84,11.68,44,44,50
10,3,44565,VN49,VN49,Recorded on SAP,8150285161,600095543,5413027,1,0.7,0.7,20,20,12
10,4,44565,VN49,VN49,Recorded on SAP,8150285161,600080430,0300-6014,1,0.279,0.279,17,13,6
10,5,44565,VN49,VN49,Recorded on SAP,8150285161,600001337,3609826,1,0.05,0.05,7,5,7
10,6,44565,VN49,VN49,Recorded on SAP,8150285161,600027115,0300-6090,1,0.42,0.42,19,17,17
10,7,44565,VN49,VN49,Recorded on SAP,8150285161,600000414,201989,2,0.2,0.4,17,17,3
10,8,44565,VN49,VN49,Recorded on SAP,8150285161,600000629,3016760,12,0.11,1.32,9,4,4
10,9,44565,VN49,VN49,Recorded on SAP,8150285161,600095543,5413027,1,0.7,0.7,20,20,12
10,10,44565,VN49,VN49,Recorded on SAP,8150285161,600109673,A030S109,2,0.048,0.096,13,15,1
10,11,44565,VN49,VN49,Recorded on SAP,8150285161,600081166,A051Y903,2,2.508,5.016,37.5,18.7,23.3
10,12,44565,VN49,VN49,Recorded on SAP,8150285161,600088324,A055G562,1,0.1,0.1,9,9,4
10,13,44565,VN49,VN49,Recorded on SAP,8150285161,600002364,AF1922M,2,1.75,3.5,19.685,19.685,61.039
10,14,44565,VN49,VN49,Recorded on SAP,8150285161,600002479,AF4100,1,3.76,3.76,21.082,20.828,73.152
10,15,44565,VN49,VN49,Recorded on SAP,8150285161,600091598,AF55781,2,1.12,2.24,48,27,9
10,16,44565,VN49,VN49,Recorded on SAP,8150285161,600091599,AF55815,6,0.31,1.86,29,17,6
10,17,44565,VN49,VN49,Recorded on SAP,8150285161,600030076,FF5644,6,9.48,56.88,12,12,27
10,18,44565,VN49,VN49,Recorded on SAP,8150285161,600003586,HF28894,6,0.93,5.58,9.5,9.5,19
10,19,44565,VN49,VN49,Recorded on SAP,8150285161,600002795,HF28910,40,3.5605,142.42,18.5,18.5,46.5
10,20,44565,VN49,VN49,Recorded on SAP,8150285161,600002799,HF28938,35,0.66,23.1,10.16,9.906,16.129
10,21,44565,VN49,VN49,Recorded on SAP,8150285161,600002799,HF28938,3,0.66,1.98,10.16,9.906,16.129
10,22,44565,VN49,VN49,Recorded on SAP,8150285161,600002813,HF35255,204,0.61,124.44,12.12,12.46,25.72
10,23,44565,VN49,VN49,Recorded on SAP,8150285161,600002819,HF6097,6,3.66,21.96,10,10,24
10,24,44565,VN49,VN49,Recorded on SAP,8150285161,600002844,HF6305,6,1.345,8.07,12.75,25.48,40.48
10,25,44565,VN49,VN49,Recorded on SAP,8150285161,600002874,HF6565,6,1.308,7.848,10.77,10.617,25.629
10,26,44565,VN49,VN49,Recorded on SAP,8150285161,600002882,HF6710,54,0.95,51.3,13,13,17
10,27,44565,VN49,VN49,Recorded on SAP,8150285161,600002890,HF7070,5,0.57,2.85,24.605,11.27,12.065
10,28,44565,VN49,VN49,Recorded on SAP,8150285161,600002893,HF7553,6,0.7,4.2,9.6,9.6,14.7
10,29,44565,VN49,VN49,Recorded on SAP,8150285161,600002899,HF7935,6,1.332,7.992,4.87,7.3,17.78
10,30,44565,VN49,VN49,Recorded on SAP,8150285161,600002968,LF3478,6,1.07,6.42,12.08,12.17,21.9
10,31,44565,VN49,VN49,Recorded on SAP,8150285161,600003072,LF747,24,1.31,31.44,12,12,28
10,32,44565,VN49,VN49,Recorded on SAP,8150285161,600003072,LF747,48,1.31,62.88,12,12,28
10,33,44565,VN49,VN49,Recorded on SAP,8150285161,600018494,WF2091,36,1.281,46.116,7.96,18.18,22.06
10,34,44565,VN49,VN49,Recorded on SAP,8150285161,#N/A,300-6014,0,,#N/A,#N/A,#N/A,#N/A
11,1,44573,VN49,VN49,Recorded on SAP,8150285924,#N/A,300-6014,2,,#N/A,#N/A,#N/A,#N/A
11,2,44573,VN49,VN49,Recorded on SAP,8150285924,600000793,3050692,10,1,10,13,12,13
11,3,44573,VN49,VN49,Recorded on SAP,8150285924,600000793,3050692,1,1,1,13,12,13
11,4,44573,VN49,VN49,Recorded on SAP,8150285924,600000793,3050692,2,1,2,13,12,13
11,5,44573,VN49,VN49,Recorded on SAP,8150285924,600001567,3803703,0,5.7,0,18,18,34
11,6,44573,VN49,VN49,Recorded on SAP,8150285924,600001567,3803703,0,5.7,0,18,18,34
11,7,44573,VN49,VN49,Recorded on SAP,8150285924,600002098,4025120,0,3.21,0,26,11,16
11,8,44573,VN49,VN49,Recorded on SAP,8150285924,600002098,4025120,0,3.21,0,26,11,16
11,9,44573,VN49,VN49,Recorded on SAP,8150285924,600002393,AF25278,8,5.84,46.72,44,44,50
11,10,44573,VN49,VN49,Recorded on SAP,8150285924,600002438,AF25708M,2,3.22,6.44,30.99,30.23,59.69
11,11,44573,VN49,VN49,Recorded on SAP,8150285924,600002438,AF25708M,6,3.22,19.32,30.99,30.23,59.69
11,12,44573,VN49,VN49,Recorded on SAP,8150285924,600002627,DCA65L,32,2.285,73.12,12,12,26.5
11,13,44573,VN49,VN49,Recorded on SAP,8150285924,600002627,DCA65L,556,2.285,1270.46,12,12,26.5
11,14,44573,VN49,VN49,Recorded on SAP,8150285924,600002782,FS20203,1,0.39,0.39,11,11,25
11,15,44573,VN49,VN49,Recorded on SAP,8150285924,600003098,WF2075,8,0.59,4.72,6.96,15.79,16.51
11,16,44573,VN49,VN49,Recorded on SAP,8150285924,600003099,WF2076,10,0.65,6.5,9.5,9.5,14
11,17,44573,VN49,VN49,Recorded on SAP,8150285924,600003102,WF2126,1,0.68,0.68,9.5,9.5,15
11,18,44573,VN49,VN49,Recorded on SAP,8150285924,600003102,WF2126,2,0.68,1.36,9.5,9.5,15
11,19,44573,VN49,VN49,Recorded on SAP,8150285924,600073376,5309255,1,0.104,0.104,95,3,1
11,20,44573,VN49,VN49,Recorded on SAP,8150285924,600081283,4309175,1,2.58,2.58,25,34,8
11,21,44573,VN49,VN49,Recorded on SAP,8150285924,600081340,3649550,1,0.88,0.88,29,28,6.5
11,22,44573,VN49,VN49,Recorded on SAP,8150285924,600109927,4946862,1,0.1,0.1,8,4,4
11,23,44573,VN49,VN49,Recorded on SAP,8150285924,600002433,AF25627,10,4,40,35,35,55
11,24,44573,VN49,VN49,Recorded on SAP,8150285924,600002735,FS1040,20,8.37,167.4,12,12,30
11,25,44573,VN49,VN49,Recorded on SAP,8150285924,600003083,LF9018,102,1.975,201.45,11.5,11.5,32
11,26,44573,VN49,VN49,Recorded on SAP,8150285924,600003083,LF9018,300,1.975,592.5,11.5,11.5,32
11,27,44573,VN49,VN49,Recorded on SAP,8150285924,600020051,LF9050,24,2.68,64.32,14,14,32
11,28,44573,VN49,VN49,Recorded on SAP,8150285924,600020051,LF9050,78,2.68,209.04,14,14,32
11,29,44573,VN49,VN49,Recorded on SAP,8150285924,600002362,AF1921M,2,4.73,9.46,31.907,31.907,63.34
11,30,44573,VN49,VN49,Recorded on SAP,8150285924,600002415,AF25468,8,1.285,10.28,22,22,44
11,31,44573,VN49,VN49,Recorded on SAP,8150285924,600002567,AF872M,1,5.56,5.56,48.5,48.5,41
12,1,44634,VN49,VN49,Recorded on SAP,8150289261,600002587,AH1100,8,4.43,35.44,45.877,38.892,41.432
12,2,44634,VN49,VN49,Recorded on SAP,8150289261,600002649,FF2203,3,0.4,1.2,9.5,9.5,15
12,3,44634,VN49,VN49,Recorded on SAP,8150289261,600073780,4903472,6,1.75,10.5,26.7,17.8,8
12,4,44634,VN49,VN49,Recorded on SAP,8150289261,600001583,3803977,6,0.123,0.738,16,16,2
12,5,44634,VN49,VN49,Recorded on SAP,8150289261,600021033,0300-6315-02,1,1.37,1.37,38,29,7
13,1,44634,VN49,VN49,Recorded on SAP,8150285924,600001567,3803703,7,5.7,39.9,18,18,34
13,2,44636,VN49,VN49,Recorded on SAP,8150285924,600080430,0300-6014,2,0.279,0.558,17,13,6
13,3,44636,VN49,VN49,Recorded on SAP,8150285924,600002098,4025120,2,3.21,6.42,26,11,16
14,1,44636,VN49,VN49,Recorded on SAP,8150285161,#N/A,300-6014,1,,#N/A,#N/A,#N/A,#N/A
14,2,44636,VN49,VN49,Recorded on SAP,8150285161,600095543,5413027,1,0.7,0.7,20,20,12
15,1,44636,VNT0,VNT0,Recorded on SAP,8150290259,600087084,4078967,,0.068,0,94,35,1
16,1,44676,VN49,VNT0,Recorded on SAP,8150292615,600110521,4932520,6,,0.438,22,4,
16,2,44676,VN49,VNT0,Recorded on SAP,8150292615,600081283,4309175,1,,2.58,25,34,
17,1,44700,VN49,VNT0,Recorded on SAP,8150294460,600110707,4899230,1,0.064,0.064,13,13,3
17,2,44700,VN49,VNT0,Recorded on SAP,8150294460,600081168,4376353,4,2.3,9.2,15,15,21
17,3,44700,VN49,VNT0,Recorded on SAP,8150294460,600110706,4938498,1,0.16,0.16,55,9,2
17,4,44700,VN49,VNT0,Recorded on SAP,8150294460,600094283,5447591,4,0.03,0.12,15,10,3
17,5,44700,VN49,VNT0,Recorded on SAP,8150294460,600110709,4955745,1,1.074,1.074,26,12,17
17,6,44700,VN49,VNT0,Recorded on SAP,8150294460,600094281,3901445,3,0.021,0.063,5,1,1
17,7,44700,VN49,VNT0,Recorded on SAP,8150294460,600083830,5338295,1,0.07,0.07,10,10,2
17,8,44700,VN49,VNT0,Recorded on SAP,8150294460,600052390,5259499,1,0.13,0.13,16,16,4
17,9,44700,VN49,VNT0,Recorded on SAP,8150294460,600088156,2830559,1,0.061,0.061,34.7,21.3,1
17,10,44700,VN49,VNT0,Recorded on SAP,8150294460,600077620,3974127,1,0.1,0.1,35,22,1
17,11,44700,VN49,VNT0,Recorded on SAP,8150294460,600110705,4898301,1,0.005,0.005,15,10,1
17,12,44700,VN49,VNT0,Recorded on SAP,8150294460,600079665,2830977,1,0.01,0.01,8,8,1
17,13,44700,VN49,VNT0,Recorded on SAP,8150294460,600087681,4932209,1,0.53,0.53,61,23,1
17,14,44700,VN49,VNT0,Recorded on SAP,8150294460,600002419,AF25523,4,0.84,3.36,16.383,16.256,51.308
17,15,44700,VN49,VNT0,Recorded on SAP,8150294460,600014515,3937690RX,1,8.3,8.3,41.6,28.3,27.6
17,16,44700,VN49,VNT0,Recorded on SAP,8150294460,600015760,FF5421,1,0.739,0.739,6.58,15,22.5
17,17,44700,VN49,VNT0,Recorded on SAP,8150294460,600081260,LF14000NN,4,1.7,6.8,11.5,11.5,30
17,18,44700,VN49,VNT0,Recorded on SAP,8150294460,600002909,LF3000,17,1.56,26.52,12.08,12.17,31.4
17,19,44700,VN49,VNT0,Recorded on SAP,8150294460,600002194,4893693,4,0.03,#N/A,#N/A,#N/A,4
17,20,44700,VN49,VNT0,Recorded on SAP,8150294460,600003033,LF3970,1,0.594,0.594,9.5,9.5,17
17,21,44700,VN49,VNT0,Recorded on SAP,8150294460,600083278,875714,1,18,#N/A,#N/A,#N/A,35
17,22,44700,VN49,VNT0,Recorded on SAP,8150294460,600070095,4919951,4,1.024,4.096,14,14,26
18,1,44700,VN49,VNT0,Recorded on SAP,8150294485,600083278,875714,60,18,#N/A,#N/A,#N/A,35
19,1,44700,VN49,VNT0,Recorded on SAP,8150294504,600080961,3938157,1,0.025,0.025,7,5,1
19,2,44700,VN49,VNT0,Recorded on SAP,8150294504,600000293,129888,6,0.012,0.072,1,1,4
19,3,44700,VN49,VNT0,Recorded on SAP,8150294504,600001988,3938162,1,0.21,0.21,69,45,1
19,4,44700,VN49,VNT0,Recorded on SAP,8150294504,600001780,3906697,13,0.005,0.065,6,6,1
19,5,44700,VN49,VNT0,Recorded on SAP,8150294504,600001841,3914385,3,0.04,0.12,129,81.3,1
19,6,44700,VN49,VNT0,Recorded on SAP,8150294504,600001423,3800969,1,0.884,0.884,27,6,28
19,7,44700,VN49,VNT0,Recorded on SAP,8150294504,600021961,4095983,1,0.9,0.9,1,9,17
19,8,44700,VN49,VNT0,Recorded on SAP,8150294504,600078868,3410897,3,0.5,1.5,33,9,1
19,9,44700,VN49,VNT0,Recorded on SAP,8150294504,600004343,3944293,4,0.25,1,1,56,56
19,10,44700,VN49,VNT0,Recorded on SAP,8150294504,600002154,4089405,5,0.33,1.65,13,6,13
19,11,44700,VN49,VNT0,Recorded on SAP,8150294504,600101974,40340950,1,,#N/A,#N/A,#N/A,
19,12,44700,VN49,VNT0,Recorded on SAP,8150294504,600073855,4319031,22,0.29,6.38,13,12,12
19,13,44700,VN49,VNT0,Recorded on SAP,8150294504,600073856,4319032,20,0.3,6,12.5,11.5,11.5
19,14,44700,VN49,VNT0,Recorded on SAP,8150294504,600033402,3685690,49,0.13,6.37,10,9,5
19,15,44700,VN49,VNT0,Recorded on SAP,8150294504,600021263,4095985,7,0.6,4.2,6,13,13
19,16,44700,VN49,VNT0,Recorded on SAP,8150294504,600095816,4372403,1,13.67,13.67,33,25,22
19,17,44700,VN49,VNT0,Recorded on SAP,8150294504,600104117,4953345,1,5,5,26,26,14
19,18,44700,VN49,VNT0,Recorded on SAP,8150294504,600021960,4095973,15,0.8,12,5,11,18
19,19,44700,VN49,VNT0,Recorded on SAP,8150294504,600028598,4955975,1,0.232,0.232,18.2,17.4,3.6
19,20,44700,VN49,VNT0,Recorded on SAP,8150294504,600002158,4089489,1,0.19,0.19,17,17,3
19,21,44700,VN49,VNT0,Recorded on SAP,8150294504,600001916,3926048,6,0.003,#N/A,#N/A,#N/A,2
19,22,44700,VN49,VNT0,Recorded on SAP,8150294504,600074392,4299098,14,2.18,30.52,118,38,1
19,23,44700,VN49,VNT0,Recorded on SAP,8150294504,600070095,4919951,6,1.024,6.144,14,14,26
19,24,44700,VN49,VNT0,Recorded on SAP,8150294504,600002234,AR12270,1,5.19,5.19,35.1,21.3,11.1
19,25,44707,VN49,VNT0,Recorded on SAP,8150294504,600003995,129839,6,,0.06,5,5,
19,26,44707,VN49,VNT0,Recorded on SAP,8150294504,600094782,5272959,2,,0.1,12,8,
19,27,44707,VN49,VNT0,Recorded on SAP,8150294504,600096270,5405392,3,,0.42,15,15,
20,1,44706,VNT0,VN49,Recorded on SAP,8150294945,600109675,5635750,2,,0.82,21,19,
21,1,44707,VN49,VNT0,Recorded on SAP,8150295014,600067304,4089865,1,,5,17,17,
21,2,44707,VN49,VNT0,Recorded on SAP,8150295014,600001567,3803703,6,,34.2,18,18,
21,3,44707,VN49,VNT0,Recorded on SAP,8150295014,600052302,2878168,7,,0.791,9,9,
21,4,44707,VN49,VNT0,Recorded on SAP,8150295014,600001405,3800637,8,,1.76,4,4,
21,5,44707,VN49,VNT0,Recorded on SAP,8150295014,600003098,WF2075,24,,14.16,6.96,15.79,
21,6,44707,VN49,VNT0,Recorded on SAP,8150295014,600003099,WF2076,60,,39,9.5,9.5,
21,7,44707,VN49,VNT0,Recorded on SAP,8150295014,600002853,HF6319,49,,116.62,16.667,16.667,
21,8,44707,VN49,VNT0,Recorded on SAP,8150295014,600002899,HF7935,6,,7.992,4.87,7.3,
22,1,44707,VN49,VNT0,Recorded on SAP,8150295003,#N/A,300-6314-01,1,1.251,#N/A,#N/A,#N/A,11
22,2,44707,VN49,VNT0,Recorded on SAP,8150295003,600003932,3289347,4,0.222,0.888,31,9,3
22,3,44707,VN49,VNT0,Recorded on SAP,8150295003,600110708,4899228,1,0.076,0.076,19,19,2
22,4,44707,VN49,VNT0,Recorded on SAP,8150295003,600095983,A050D663,1,1.3,1.3,30,36,11
22,5,44707,VN49,VNT0,Recorded on SAP,8150295003,600110522,5401041,1,0.041,0.041,15,10,1
22,6,44707,VN49,VNT0,Recorded on SAP,8150295003,600110523,4063428,1,0.01,0.01,30,20,1
22,7,44707,VN49,VNT0,Recorded on SAP,8150295003,600001822,3912473,1,0.018,0.018,17,17,1
22,8,44707,VN49,VNT0,Recorded on SAP,8150295003,600074589,3905216,2,0.184,0.368,14,12,2
22,9,44707,VN49,VNT0,Recorded on SAP,8150295003,600088324,A055G562,1,0.1,0.1,9,9,4
22,10,44707,VN49,VNT0,Recorded on SAP,8150295003,600087930,A055K311,1,0.1,0.1,13,4,4
22,11,44707,VN49,VNT0,Recorded on SAP,8150295003,600072468,3010918,1,0.04,0.04,20,13,1
22,12,44707,VN49,VNT0,Recorded on SAP,8150295003,600000299,135675,1,0.5,0.5,12,7,7
22,13,44707,VN49,VNT0,Recorded on SAP,8150295003,600074894,4903523,1,0.35,0.35,21,12,9
23,1,44711,VNT0,VN49,Recorded on SAP,8150295268,600081283,4309175,1,2.58,2.58,25,34,8
23,2,44713,VNT0,VN49,Recorded on SAP,8150295268,600027109,4975617,2,,#N/A,#N/A,#N/A,
24,1,44713,VN49,VNT0,Recorded on SAP,8150295495,600111161,760-1186,1,,35,34,34,
24,2,44713,VN49,VNT0,Recorded on SAP,8150295495,#N/A,RSK6001,1,,#N/A,#N/A,#N/A,
25,1,44714,VN49,VNT0,Recorded on SAP,8150295605,600085417,DSE7320,,,#N/A,#N/A,#N/A,
26,1,44714,VN49,VNT0,Recorded on SAP,8150295629,600003083,LF9018,600,1.975,1185,11.5,11.5,32
26,2,44714,VN49,VNT0,Recorded on SAP,8150295629,600002731,FS1006,420,1.475,619.5,12.5,12.5,31.5
27,1,44715,VN49,VNT0,Recorded on SAP,8150295746,600085241,880966,250,18,#N/A,#N/A,#N/A,35
27,2,44715,VN49,VNT0,Recorded on SAP,8150295746,600002627,DCA65L,250,2.285,571.25,12,12,26.5
28,1,44672,VN49,VNT0,Recorded on SAP,8150292444,600074824,CC2869,50,22.54,1127,28,28,27
29,1,44719,VNT0,VN49,Recorded on SAP,8150295922,600027109,4975617,,,#N/A,#N/A,#N/A,
30,1,44720,VNT0,VN49,Recorded on SAP,8150296021,600003932,3289347,4,0.222,0.888,31,9,3
30,2,44720,VNT0,VN49,Recorded on SAP,8150296021,600095983,A050D663,1,1.3,1.3,30,36,11
30,3,44720,VNT0,VN49,Recorded on SAP,8150296021,600088324,A055G562,1,0.1,0.1,9,9,4
30,4,44720,VNT0,VN49,Recorded on SAP,8150296021,600087930,A055K311,1,0.1,0.1,13,4,4
30,5,44720,VNT0,VN49,Recorded on SAP,8150296021,600072468,3010918,1,0.04,0.04,20,13,1
30,6,44720,VNT0,VN49,Recorded on SAP,8150296021,600000299,135675,1,0.5,0.5,12,7,7
31,1,44720,VN49,VNT0,Recorded on SAP,8150296030,600096886,0132-0498,,,0,7,7,
32,1,44721,VN49,VNT0,Recorded on SAP,8150296104,600002534,AF4819,1,,1.444,19.685,19.685,
32,2,44721,VN49,VNT0,Recorded on SAP,8150296104,600031546,LF9070,8,,16,12,12,
32,3,44721,VN49,VNT0,Recorded on SAP,8150296104,600002731,FS1006,100,,147.5,12.5,12.5,
32,4,44721,VN49,VNT0,Recorded on SAP,8150296104,600002362,AF1921M,4,,18.92,31.907,31.907,
32,5,44721,VN49,VNT0,Recorded on SAP,8150296104,600002532,AF4801,5,,18.165,31.907,31.907,
32,6,44721,VN49,VNT0,Recorded on SAP,8150296104,600002393,AF25278,12,,70.08,44,44,
32,7,44721,VN49,VNT0,Recorded on SAP,8150296104,600002909,LF3000,40,,62.4,12.08,12.17,
32,8,44721,VN49,VNT0,Recorded on SAP,8150296104,600003072,LF747,50,,65.5,12,12,
32,9,44721,VN49,VNT0,Recorded on SAP,8150296104,600003099,WF2076,10,,6.5,9.5,9.5,
32,10,44721,VN49,VNT0,Recorded on SAP,8150296104,600002863,HF6376,6,,4.896,13.5,13.5,
32,11,44721,VN49,VNT0,Recorded on SAP,8150296104,600003586,HF28894,12,,11.16,9.5,9.5,
32,12,44721,VN49,VNT0,Recorded on SAP,8150296104,600002795,HF28910,25,,89.0125,18.5,18.5,
32,13,44721,VN49,VNT0,Recorded on SAP,8150296104,600002735,FS1040,12,,100.44,12,12,
32,14,44721,VN49,VNT0,Recorded on SAP,8150296104,600002729,FS1000,30,,21.9,6.92,15.68,
32,15,44721,VN49,VNT0,Recorded on SAP,8150296104,600002415,AF25468,12,,15.42,22,22,
32,16,44721,VN49,VNT0,Recorded on SAP,8150296104,600002429,AF25593,18,,103.14,43,43,
32,17,44721,VN49,VNT0,Recorded on SAP,8150296104,600002627,DCA65L,150,,342.75,12,12,
32,18,44721,VN49,VNT0,Recorded on SAP,8150296104,600002438,AF25708M,30,,96.6,30.99,30.23,
32,19,44721,VN49,VNT0,Recorded on SAP,8150296104,600002433,AF25627,10,,40,35,35,
32,20,44721,VN49,VNT0,Recorded on SAP,8150296104,600002853,HF6319,30,,71.4,16.667,16.667,
32,21,44721,VN49,VNT0,Recorded on SAP,8150296104,600021075,HF28813,12,,2.88,6,6,
32,22,44721,VN49,VNT0,Recorded on SAP,8150296104,600002893,HF7553,6,,4.2,9.6,9.6,
32,23,44721,VN49,VNT0,Recorded on SAP,8150296104,600020051,LF9050,30,,80.4,14,14,
32,24,44721,VN49,VNT0,Recorded on SAP,8150296104,600016756,4932210,1,,0.77,70,20,
33,1,44726,VN49,VNT0,Recorded on SAP,8150296453,600110898,A048S439,16,,1.6,0,0,
33,2,44726,VN49,VNT0,Recorded on SAP,8150296453,600110897,A048S441,2,,0.2,0,0,
34,1,44726,VNT0,VN49,Recorded on SAP,8150296496,600000579,3007525,50,,624.65,24,24,
34,2,44726,VNT0,VN49,Recorded on SAP,8150296496,600002566,AF872,7,,45.5,43,43,
35,1,44728,VN49,VNT0,Recorded on SAP,8150296711,600110935,4359961,2,,0.04,10,15,
35,2,44728,VN49,VNT0,Recorded on SAP,8150296711,600096270,5405392,2,,0.28,15,15,
35,3,44728,VN49,VNT0,Recorded on SAP,8150296711,600017490,FS19732,1,,0.77,18,18,
35,4,44728,VN49,VNT0,Recorded on SAP,8150296711,600018393,4955251,6,,0.534,13,13,
35,5,44728,VN49,VNT0,Recorded on SAP,8150296711,600083336,3289941,2,,0.44,41,15,
35,6,44728,VN49,VNT0,Recorded on SAP,8150296711,600016756,4932210,1,,0.77,70,20,
36,1,44728,VN49,VNT0,Recorded on SAP,8150296780,600111258,4934818,2,,0.86,14,14,
36,2,44728,VN49,VNT0,Recorded on SAP,8150296780,600110908,FS1098MX,6,,4.8,12,12,
37,1,44732,VNT0,VN49,Recorded on SAP,8150296917,600002627,DCA65L,332,,758.62,12,12,
37,2,44733,VNT0,VN49,Recorded on SAP,8150296917,600002927,LF3346,1,,0.91,11,11,
37,3,44733,VNT0,VN49,Recorded on SAP,8150296917,600075378,FS19657,7,,4.879,9.3,9.3,
37,4,44734,VNT0,VN49,Recorded on SAP,8150296917,600003085,LF9325,10,,17.17,29,12.5,
38,1,44739,VN49,VNT0,Recorded on SAP,8150297382,600009310,FS20000,1,,0.965,17.899,13.983,
39,1,44739,VNT0,VN49,Recorded on SAP,8150297395,600018393,4955251,6,,0.534,13,13,
39,2,44739,VNT0,VN49,Recorded on SAP,8150297395,600016756,4932210,1,,0.77,70,20,
39,3,44739,VNT0,VN49,Recorded on SAP,8150297395,600083336,3289941,2,,0.44,41,15,
40,1,44739,VN49,VNT0,Recorded on SAP,8150297437,600002592,AH1135,20,,200,35,35,
40,2,44739,VN49,VNT0,Recorded on SAP,8150297437,600010489,0300-5181,1,,0.205,8,8,
41,1,44735,VN49,VNT0,Recorded on SAP,8150297108,600067304,4089865,6,,30,17,17,
41,2,44735,VN49,VNT0,Recorded on SAP,8150297108,600001567,3803703,6,,34.2,18,18,
41,3,44735,VN49,VNT0,Recorded on SAP,8150297108,600002098,4025120,1,,3.21,26,11,
41,4,44735,VN49,VNT0,Recorded on SAP,8150297108,600000629,3016760,12,,1.32,9,4,
41,5,44735,VN49,VNT0,Recorded on SAP,8150297108,600052302,2878168,7,,0.791,9,9,
41,6,44735,VN49,VNT0,Recorded on SAP,8150297108,600002069,4003950,1,,3.87,14,14,
41,7,44735,VN49,VNT0,Recorded on SAP,8150297108,600002156,4089478,1,,2.412,100,38,
41,8,44735,VN49,VNT0,Recorded on SAP,8150297108,600002176,4089998,1,,2.2,105,35,
42,1,44743,VNT0,VN49,Recorded on SAP,8150297626,600001348,3627961,2,,0.038,7,7,
43,1,44743,VN49,VNT0,Recorded on SAP,8150297721,600045165,2892092,1,,2.76,28,28,
43,2,44743,VN49,VNT0,Recorded on SAP,8150297721,600110717,A043L028,1,,0.1,6,7,
43,3,44743,VN49,VNT0,Recorded on SAP,8150297721,600018213,FF5612,24,,16.224,6.96,15.79,
43,4,44743,VN49,VNT0,Recorded on SAP,8150297721,600087682,4939246,1,,0.455,81.3,25.4,
43,5,44743,VN49,VNT0,Recorded on SAP,8150297721,600020840,4920076,30,,0.45,25,18,
43,6,44743,VN49,VNT0,Recorded on SAP,8150297721,600001396,3800340,12,,1.56,5.7,5.7,
43,7,44743,VN49,VNT0,Recorded on SAP,8150297721,600001397,3800341,10,,1.4,5,5,
43,8,44743,VN49,VNT0,Recorded on SAP,8150297721,600029587,3966658,6,,0.9,8,4,
43,9,44743,VN49,VNT0,Recorded on SAP,8150297721,600000831,3057139,4,,0.72,24,2,
43,10,44743,VN49,VNT0,Recorded on SAP,8150297721,600002893,HF7553,6,,4.2,9.6,9.6,
43,11,44743,VN49,VNT0,Recorded on SAP,8150297721,600003590,AF4553M,12,,53.16,38.257,38.257,
43,12,44743,VN49,VNT0,Recorded on SAP,8150297721,600002899,HF7935,12,,15.984,4.87,7.3,
43,13,44743,VN49,VNT0,Recorded on SAP,8150297721,600002930,LF3349,6,,3.564,6.58,15,
43,14,44743,VN49,VNT0,Recorded on SAP,8150297721,600111411,FF5611MX,120,,#N/A,#N/A,#N/A,
43,15,44743,VN49,VNT0,Recorded on SAP,8150297721,600002534,AF4819,2,,2.888,19.685,19.685,
43,16,44743,VN49,VNT0,Recorded on SAP,8150297721,600002649,FF2203,6,,2.4,9.5,9.5,
43,17,44743,VN49,VNT0,Recorded on SAP,8150297721,600002909,LF3000,12,,18.72,12.08,12.17,
43,18,44743,VN49,VNT0,Recorded on SAP,8150297721,600001951,3931623,8,,1.864,3,3,
43,19,44743,VN49,VNT0,Recorded on SAP,8150297721,600001348,3627961,6,,0.114,7,7,
43,20,44743,VN49,VNT0,Recorded on SAP,8150297721,600004249,3923261,24,,0.072,1,1,
44,1,44743,VN49,VNT0,Recorded on SAP,8150297805,600081260,LF14000NN,12,,20.4,11.5,11.5,
44,2,44743,VN49,VNT0,Recorded on SAP,8150297805,600009310,FS20000,3,,2.895,17.899,13.983,
44,3,44743,VN49,VNT0,Recorded on SAP,8150297805,600017490,FS19732,2,,1.54,18,18,
44,4,44743,VN49,VNT0,Recorded on SAP,8150297805,600002748,FS1251,2,,0.85,8,8,
45,1,44749,VN49,VNT0,Recorded on SAP,8150297922,600002364,AF1922m,6,,10.5,19.685,19.685,
45,2,44749,VN49,VNT0,Recorded on SAP,8150297922,600002893,HF7553,12,,8.4,9.6,9.6,
45,3,44749,VN49,VNT0,Recorded on SAP,8150297922,600002415,AF25468,20,,25.7,22,22,
45,4,44749,VN49,VNT0,Recorded on SAP,8150297922,600003072,LF747,58,,75.98,12,12,
45,5,44749,VN49,VNT0,Recorded on SAP,8150297922,600010565,4955239,18,,3.996,4.4,4.4,
45,6,44749,VN49,VNT0,Recorded on SAP,8150297922,600000629,3016760,12,,1.32,9,4,
45,7,44749,VN49,VNT0,Recorded on SAP,8150297922,600020051,LF9050,20,,53.6,14,14,
45,8,44749,VN49,VNT0,Recorded on SAP,8150297922,600003055,LF670,60,,72.54,12.07,12.32,
45,9,44749,VN49,VNT0,Recorded on SAP,8150297922,600091385,4383933,1,,0.018,6,6,
46,1,44749,VNT0,VN49,Recorded on SAP,8150298085,600000982,3092484,12,,0.12,14,14,
47,1,44749,VNT0,VN49,Recorded on SAP,8150298289,600020528,0300-6314-01,1,,1.251,41,41,
47,2,44749,VNT0,VN49,Recorded on SAP,8150298289,#N/A,327-1617-01,1,,#N/A,#N/A,#N/A,
47,3,44749,VNT0,VN49,Recorded on SAP,8150298289,600079193,A048G602,1,,11.3,44,33,
48,1,44749,VN49,VNT0,Recorded on SAP,8150298118,600046022,4309095,1,,2.016,13.8,13.8,
49,1,44749,VN49,VNT0,Recorded on SAP,8150298253,600016273,0327-1376-01,1,#N/A,1,10,10,
49,2,44749,VN49,VNT0,Recorded on SAP,8150298253,600001430,3801260,20,#N/A,61.7,26,11,
49,3,44749,VN49,VNT0,Recorded on SAP,8150298253,600000632,3016792,15,#N/A,3,16,16,
49,4,44749,VN49,VNT0,Recorded on SAP,8150298253,600078407,4089944,10,#N/A,34,13.8,13.8,
49,5,44749,VN49,VNT0,Recorded on SAP,8150298253,600073376,5309255,1,2300081272,0.104,95,3,
49,6,44749,VN49,VNT0,Recorded on SAP,8150298253,600010565,4955239,4,#N/A,0.888,4.4,4.4,
49,7,44749,VN49,VNT0,Recorded on SAP,8150298253,600018496,3937220,2,#N/A,0.6,13,6,
49,8,44749,VN49,VNT0,Recorded on SAP,8150298253,600067304,4089865,2,#N/A,10,17,17,
49,9,44749,VN49,VNT0,Recorded on SAP,8150298253,600002098,4025120,1,#N/A,3.21,26,11,
49,10,44749,VN49,VNT0,Recorded on SAP,8150298253,600001149,3347937,24,#N/A,0.024,11,9,
49,11,44749,VN49,VNT0,Recorded on SAP,8150298253,600000629,3016760,12,#N/A,1.32,9,4,
49,12,44749,VN49,VNT0,Recorded on SAP,8150298253,600001405,3800637,4,#N/A,0.88,4,4,
49,13,44749,VN49,VNT0,Recorded on SAP,8150298253,600000318,0150-2201,1,#N/A,0.126,8,6,
49,14,44749,VN49,VNT0,Recorded on SAP,8150298253,600087084,4078967,50,#N/A,3.4,94,35,
49,15,44749,VN49,VNT0,Recorded on SAP,8150298253,600001951,3931623,6,#N/A,1.398,3,3,
49,16,44749,VN49,VNT0,Recorded on SAP,8150298253,600091598,AF55781,15,#N/A,16.8,48,27,
49,17,44749,VN49,VNT0,Recorded on SAP,8150298253,600014545,AH19004,1,#N/A,2.201,28.732,28.732,
49,18,44749,VN49,VNT0,Recorded on SAP,8150298253,600104725,AF26676,1,#N/A,5.98,36,36,
49,19,44749,VN49,VNT0,Recorded on SAP,8150298253,600002534,AF4819,4,#N/A,5.776,19.685,19.685,
49,20,44749,VN49,VNT0,Recorded on SAP,8150298253,600002627,DCA65L,42,#N/A,95.97,12,12,
50,1,44754,VNT0,VN49,Recorded on SAP,8150298654,600000793,3050692,6,,6,13,12,
50,2,44754,VNT0,VN49,Recorded on SAP,8150298654,600102032,A054J968,1,,2.5,36,23,
51,1,44755,VN49,VNT0,Recorded on SAP,8150298867,600002627,DCA65L,42,,95.97,12,12,
52,1,44755,VNT0,VN49,Recorded on SAP,8150298792,600003083,LF9018,1,,1.975,11.5,11.5,
52,2,44760,VNT0,VN49,Recorded on SAP,8150298792,600107637,0319-4488,1,,1.23,41,41,
52,3,44762,VNT0,VN49,Recorded on SAP,8150298792,600016756,4932210,1,,0.77,70,20,
52,4,44762,VNT0,VN49,Recorded on SAP,8150298792,600000447,206948,1,,0.005,1,1,
53,1,44762,VN49,VNT0,Recorded on SAP,8150299287,600085241,880966,300,,#N/A,#N/A,#N/A,
53,2,44762,VN49,VNT0,Recorded on SAP,8150299287,600002627,DCA65L,53,,121.105,12,12,
54,1,44769,VNT0,VN49,Recorded on SAP,8150299791,600002113,4026171,1,,0.04,22,14,
54,2,44769,VNT0,VN49,Recorded on SAP,8150299791,600031891,3642365,1,,0.45,26,24,
54,3,44769,VNT0,VN49,Recorded on SAP,8150299791,#N/A,3028291 ,4,,#N/A,#N/A,#N/A,
55,1,44767,VN49,VNT0,Recorded on SAP,8150299717,600111520,5502825,,,0,0,0,
56,1,44771,VN49,VNT0,Recorded on SAP,8150299790,600110710,5313086,1,,2.13,15,12.5,
56,2,44771,VN49,VNT0,Recorded on SAP,8150299790,600092672,4334457,1,,291,170,40,
56,3,44771,VN49,VNT0,Recorded on SAP,8150299790,600067304,4089865,2,,10,17,17,
56,4,44771,VN49,VNT0,Recorded on SAP,8150299790,600001405,3800637,4,,0.88,4,4,
56,5,44771,VN49,VNT0,Recorded on SAP,8150299790,600002070,4003966,24,,0.06,2,2,
56,6,44771,VN49,VNT0,Recorded on SAP,8150299790,600073104,3090704,12,,0.276,6,4,
56,7,44771,VN49,VNT0,Recorded on SAP,8150299790,600001423,3800969,1,,0.884,27,6,
56,8,44771,VN49,VNT0,Recorded on SAP,8150299790,600002161,4089542,1,,0.62,27,27,
56,9,44771,VN49,VNT0,Recorded on SAP,8150299790,600002069,4003950,1,,3.87,14,14,
56,10,44771,VN49,VNT0,Recorded on SAP,8150299790,600077944,2882144,1,,5.2,1,1,
56,11,44771,VN49,VNT0,Recorded on SAP,8150299790,600079107,4319020,1,,0.571,24.8,5.1,
56,12,44771,VN49,VNT0,Recorded on SAP,8150299790,600092681,5406110,1,,3.5,18,16,
56,13,44771,VN49,VNT0,Recorded on SAP,8150299790,600069350,4089367,1,,0.66,61,22,
56,14,44771,VN49,VNT0,Recorded on SAP,8150299790,600002183,4095800,1,,1,25,23,
56,15,44771,VN49,VNT0,Recorded on SAP,8150299790,600079930,2897331,1,,#N/A,#N/A,#N/A,
56,16,44771,VN49,VNT0,Recorded on SAP,8150299790,600075242,4326596,1,,0.097,7.2,7.1,
56,17,44771,VN49,VNT0,Recorded on SAP,8150299790,600002098,4025120,1,,3.21,26,11,
56,18,44771,VN49,VNT0,Recorded on SAP,8150299790,600000629,3016760,12,,1.32,9,4,
56,19,44771,VN49,VNT0,Recorded on SAP,8150299790,600002156,4089478,1,,2.412,100,38,
56,20,44771,VN49,VNT0,Recorded on SAP,8150299790,600052302,2878168,7,,0.791,9,9,
56,21,44771,VN49,VNT0,Recorded on SAP,8150299790,600085262,3090942,1,,4.5,19,24,
56,22,44771,VN49,VNT0,Recorded on SAP,8150299790,600010565,4955239,4,,0.888,4.4,4.4,
56,23,44771,VN49,VNT0,Recorded on SAP,8150299790,600012362,0300-5467,1,,0.08,15,4,
56,24,44771,VN49,VNT0,Recorded on SAP,8150299790,600081283,4309175,1,,2.58,25,34,
56,25,44771,VN49,VNT0,Recorded on SAP,8150299790,600069620,3331821,1,,0.011,81.3,25.4,
56,26,44771,VN49,VNT0,Recorded on SAP,8150299790,600093888,8306,1,,0.01,10,13,
56,27,44771,VN49,VNT0,Recorded on SAP,8150299790,600094506,3643997,1,,0.04,5,3,
56,28,44771,VN49,VNT0,Recorded on SAP,8150299790,600002225,70415,24,,1.728,10,13,
56,29,44771,VN49,VNT0,Recorded on SAP,8150299790,600031742,145528,50,,0.5,3,3,
56,30,44771,VN49,VNT0,Recorded on SAP,8150299790,600002156,4089478,1,,2.412,100,38,
56,31,44771,VN49,VNT0,Recorded on SAP,8150299790,600074288,4955697,2,,22,20,20,
56,32,44771,VN49,VNT0,Recorded on SAP,8150299790,600074288,4955697,2,,22,20,20,
56,33,44771,VN49,VNT0,Recorded on SAP,8150299790,600043694,4089644,6,,1.8,21,19,
57,1,44771,VN49,VNT0,Recorded on SAP,8150300024,600096270,5405392,2,,0.28,15,15,
57,2,44771,VN49,VNT0,Recorded on SAP,8150300024,600021207,0302-2058-16,1,,0.85,16,15,
57,3,44771,VN49,VNT0,Recorded on SAP,8150300024,600000528,0300-4080-02,1,,0.27,32,21,
57,4,44771,VN49,VNT0,Recorded on SAP,8150300024,600010053,4025027,1,,25.43,36,30,
57,5,44771,VN49,VNT0,Recorded on SAP,8150300024,600003913,0327-1418,1,,1,15,15,
57,6,44771,VN49,VNT0,Recorded on SAP,8150300024,600000793,3050692,1,,1,13,12,
57,7,44771,VN49,VNT0,Recorded on SAP,8150300024,600071892,A044F796,1,,1.62,35.1,21.3,
57,8,44771,VN49,VNT0,Recorded on SAP,8150300024,600007464,4921499,1,,0.066,4,8,
57,9,44771,VN49,VNT0,Recorded on SAP,8150300024,600072153,3090942RX,1,,4.99,32,22,
57,10,44771,VN49,VNT0,Recorded on SAP,8150300024,600111660,3883463D,1,,1,1,1,
58,1,44778,VN49,VNT0,Recorded on SAP,8150300453,600002176,4089998,1,,2.2,105,35,
58,2,44778,VN49,VNT0,Recorded on SAP,8150300453,600015301,FF5488,1,,0.6,9,9,
59,1,44789,VNT0,VN49,Recorded on SAP,8150301282,600002393,AF25278,2,,11.68,44,44,
59,2,44789,VNT0,VN49,Recorded on SAP,8150301282,600018205,4954905,1,,0.031,8.3,6,
60,1,44789,VNT0,VN49,Recorded on SAP,8150301312,600097374,4995445,1,,2,30,25,
61,1,44789,VNT0,VN49,In Progress,,600002393,AF25278,2,,11.68,44,44,
62,1,44789,VN49,VNT0,Recorded on SAP,8150301329,600003083,LF9018,96,,189.6,11.5,11.5,
62,2,44789,VN49,VNT0,Recorded on SAP,8150301428,600003083,LF9018,108,,213.3,11.5,11.5,
63,1,44778,VN49,VNT0,Recorded on SAP,8150301380,600096066,4376430,6,,45,18,18,
63,2,44778,VN49,VNT0,Recorded on SAP,8150301380,600096067,5405717,6,,0.9,17,17,
63,3,44778,VN49,VNT0,Recorded on SAP,8150301380,600003083,LF9018,1,,1.975,11.5,11.5,
63,4,44778,VN49,VNT0,Recorded on SAP,8150301380,600029974,CC2638,4,,17.228,16.51,16.26,
63,5,44778,VN49,VNT0,Recorded on SAP,8150301380,600001567,3803703,2,,11.4,18,18,
63,6,44778,VN49,VNT0,Recorded on SAP,8150301380,600002176,4089998,1,,2.2,105,35,
63,7,44778,VN49,VNT0,Recorded on SAP,8150301380,600067304,4089865,6,,30,17,17,
63,8,44778,VN49,VNT0,Recorded on SAP,8150301380,600001423,3800969,1,,0.884,27,6,
63,9,44778,VN49,VNT0,Recorded on SAP,8150301380,600001678,3895860,36,,6.12,10,3,
63,10,44778,VN49,VNT0,Recorded on SAP,8150301380,600000944,3080708,18,,0.54,9,9,
63,11,44778,VN49,VNT0,Recorded on SAP,8150301380,600068575,4903472PX,6,,9.96,26,13,
63,12,44778,VN49,VNT0,Recorded on SAP,8150301380,600001567,3803703,6,,34.2,18,18,
63,13,44778,VN49,VNT0,Recorded on SAP,8150301380,600052302,2878168,7,,0.791,9,9,
63,14,44778,VN49,VNT0,Recorded on SAP,8150301380,600010565,4955239,6,,1.332,4.4,4.4,
63,15,44778,VN49,VNT0,Recorded on SAP,8150301380,600010565,4955239,18,,3.996,4.4,4.4,
63,16,44778,VN49,VNT0,Recorded on SAP,8150301380,600001405,3800637,24,,5.28,4,4,
63,17,44778,VN49,VNT0,Recorded on SAP,8150301380,600002070,4003966,24,,0.06,2,2,
63,18,44778,VN49,VNT0,Recorded on SAP,8150301380,600073104,3090704,12,,0.276,6,4,
63,19,44778,VN49,VNT0,Recorded on SAP,8150301380,600073104,3090704,12,,0.276,6,4,
63,20,44778,VN49,VNT0,Recorded on SAP,8150301380,600018168,2864080,1,,0.52,109,44,
64,1,44778,VN49,VNT0,Recorded on SAP,8150301445,600015760,FF5421,2,,1.478,6.58,15,
64,2,44778,VN49,VNT0,Recorded on SAP,8150301445,600084929,FS53014MX,6,,11.478,14.8,14.8,
64,3,44778,VN49,VNT0,Recorded on SAP,8150301445,600021075,HF28813,20,,4.8,6,6,
64,4,44778,VN49,VNT0,Recorded on SAP,8150301445,600009310,FS20000,30,,28.95,17.899,13.983,
65,1,44792,VNT0,VN49,Recorded on SAP,8150301641,600074894,4903523,1,,0.35,21,12,
65,2,44792,VNT0,VN49,Recorded on SAP,8150301641,600074160,4921517,1,,0.08,4,8,
66,1,44795,VN49,VNT0,Recorded on SAP,8150301664,600087232,AF26339,1,,1.95,24,24,
66,2,44795,VN49,VNT0,Recorded on SAP,8150301664,600091599,AF55815,18,,5.58,29,17,
66,3,44795,VN49,VNT0,Recorded on SAP,8150301664,600018213,FF5612,12,,8.112,6.96,15.79,
66,4,44795,VN49,VNT0,Recorded on SAP,8150301664,600002730,FS1003,6,,5.394,9.4,9.4,
66,5,44795,VN49,VNT0,Recorded on SAP,8150301664,600002731,FS1006,120,,177,12.5,12.5,
66,6,44795,VN49,VNT0,Recorded on SAP,8150301664,600002774,FS19605,12,,16.44,9,9,
66,7,44795,VN49,VNT0,Recorded on SAP,8150301664,600017490,FS19732,12,,9.24,18,18,
66,8,44795,VN49,VNT0,Recorded on SAP,8150301664,600045398,FS19841,8,,11.392,12.166,12.249,
66,9,44795,VN49,VNT0,Recorded on SAP,8150301664,600027410,FS19946,120,,939.6,13,13,
66,10,44795,VN49,VNT0,Recorded on SAP,8150301664,600021075,HF28813,15,,3.6,6,6,
66,11,44795,VN49,VNT0,Recorded on SAP,8150301664,600002795,HF28910,50,,178.025,18.5,18.5,
66,12,44795,VN49,VNT0,Recorded on SAP,8150301664,600002813,HF35255,30,,18.3,12.12,12.46,
66,13,44795,VN49,VNT0,Recorded on SAP,8150301664,600002819,HF6097,6,,21.96,10,10,
66,14,44795,VN49,VNT0,Recorded on SAP,8150301664,600002836,HF6202,6,,5.622,13.92,14.05,
66,15,44795,VN49,VNT0,Recorded on SAP,8150301664,600002863,HF6376,6,,4.896,13.5,13.5,
66,16,44795,VN49,VNT0,Recorded on SAP,8150301664,600002893,HF7553,12,,8.4,9.6,9.6,
66,17,44795,VN49,VNT0,Recorded on SAP,8150301664,600002899,HF7935,18,,23.976,4.87,7.3,
66,18,44795,VN49,VNT0,Recorded on SAP,8150301664,600002909,LF3000,48,,74.88,12.08,12.17,
66,19,44795,VN49,VNT0,Recorded on SAP,8150301664,600002930,LF3349,12,,7.128,6.58,15,
66,20,44795,VN49,VNT0,Recorded on SAP,8150301664,600003018,LF3806,12,,6.096,6.96,15.79,
66,21,44795,VN49,VNT0,Recorded on SAP,8150301664,600003032,LF3959,12,,7.128,6.96,15.79,
66,22,44795,VN49,VNT0,Recorded on SAP,8150301664,600003033,LF3970,12,,7.128,9.5,9.5,
66,23,44795,VN49,VNT0,Recorded on SAP,8150301664,600003062,LF691A,12,,22.92,14.02,14.21,
66,24,44795,VN49,VNT0,Recorded on SAP,8150301664,600031546,LF9070,48,,96,12,12,
67,1,44796,VN49,VNT0,Recorded on SAP,8150301773,600012362,0300-5467,1,,0.08,15,4,
67,2,44796,VN49,VNT0,Recorded on SAP,8150301773,600077944,2882144,1,,5.2,1,1,
67,3,44796,VN49,VNT0,Recorded on SAP,8150301773,600000629,3016760,12,,1.32,9,4,
67,4,44796,VN49,VNT0,Recorded on SAP,8150301773,600073104,3090704,12,,0.276,6,4,
67,5,44796,VN49,VNT0,Recorded on SAP,8150301773,600001405,3800637,4,,0.88,4,4,
67,6,44796,VN49,VNT0,Recorded on SAP,8150301773,600001423,3800969,1,,0.884,27,6,
67,7,44796,VN49,VNT0,Recorded on SAP,8150301773,600001567,3803703,4,,22.8,18,18,
67,8,44796,VN49,VNT0,Recorded on SAP,8150301773,600002069,4003950,1,,3.87,14,14,
67,9,44796,VN49,VNT0,Recorded on SAP,8150301773,600002070,4003966,24,,0.06,2,2,
67,10,44796,VN49,VNT0,Recorded on SAP,8150301773,600002098,4025120,1,,3.21,26,11,
67,11,44796,VN49,VNT0,Recorded on SAP,8150301773,600002156,4089478,1,,2.412,100,38,
67,12,44796,VN49,VNT0,Recorded on SAP,8150301773,600067304,4089865,2,,10,17,17,
67,13,44796,VN49,VNT0,Recorded on SAP,8150301773,600002176,4089998,2,,4.4,105,35,
67,14,44796,VN49,VNT0,Recorded on SAP,8150301773,600079107,4319020,1,,0.571,24.8,5.1,
67,15,44796,VN49,VNT0,Recorded on SAP,8150301773,600010565,4955239,4,,0.888,4.4,4.4,
67,16,44796,VN49,VNT0,Recorded on SAP,8150301773,600074288,4955697,2,,22,20,20,
67,17,44796,VN49,VNT0,Recorded on SAP,8150301773,600002065,4000590,1,,12.242,26,22.9,
67,18,44796,VN49,VNT0,Recorded on SAP,8150301773,600111446,3089298,1,,4,11,18,
67,19,44796,VN49,VNT0,Recorded on SAP,8150301773,600093889,3177040,1,,0.15,3.5,3.5,
67,20,44796,VN49,VNT0,Recorded on SAP,8150301773,600000793,3050692,20,,20,13,12,
68,1,44798,VN49,VNT0,Recorded on SAP,8150301853,600102032,A054J968,1,,2.5,36,23,
69,1,44798,VN49,VNT0,Recorded on SAP,8150301980,600001583,3803977,6,,0.738,16,16,
69,2,44798,VN49,VNT0,Recorded on SAP,8150301980,600020840,4920076,56,,0.84,25,18,
69,3,44798,VN49,VNT0,Recorded on SAP,8150301980,600096067,5405717,24,,3.6,17,17,
69,4,44798,VN49,VNT0,Recorded on SAP,8150301980,600029974,CC2638,6,,25.842,16.51,16.26,
69,5,44798,VN49,VNT0,Recorded on SAP,8150301980,600002748,FS1251,6,,2.55,8,8,
69,6,44798,VN49,VNT0,Recorded on SAP,8150301980,600002750,FS1280,2,,1.16,17,9.5,
69,7,44798,VN49,VNT0,Recorded on SAP,8150301980,600004440,4965569,10,,6.1,24.8,5.1,
69,9,44798,VN49,VNT0,Recorded on SAP,8150301980,600109225,5473331,5,,0.65,10,7,
69,10,44798,VN49,VNT0,Recorded on SAP,8150301980,600002669,FF5052,1,,0.41,8,8,
69,11,44798,VN49,VNT0,Recorded on SAP,8150301980,600001925,3927154,5,,0.0325,11,5,
69,12,44798,VN49,VNT0,Recorded on SAP,8150301980,600001779,3906659,10,,0.1,2,2,
70,1,44798,VN49,VNT0,Recorded on SAP,8150302215,600003083,LF9018,150,,296.25,11.5,11.5,
71,1,44798,VN49,VNT0,Recorded on SAP,8150302229,600001925,3927154,1,,0.0065,11,5,
71,2,44798,VN49,VNT0,Recorded on SAP,8150302229,600086303,5269779,48,,0.984,10,10,
71,3,44798,VN49,VNT0,Recorded on SAP,8150302229,600097890,5579030,2,,3.2,89,26,
72,1,44812,VNT0,VN49,Recorded on SAP,8150302796,600001894,3921926,2,,0.11,22,18,
72,2,44812,VNT0,VN49,Recorded on SAP,8150302796,600081283,4309175,1,,2.58,25,34,
72,3,44812,VNT0,VN49,Recorded on SAP,8150302796,600012362,0300-5467,2,,0.16,15,4,
73,1,44809,VN49,VNT0,Recorded on SAP,8150302389,600003083,LF9018,534,,1054.65,11.5,11.5,
74,1,44809,VN49,VNT0,Recorded on SAP,8150302405,600002393,AF25278,3,,17.52,44,44,
74,2,44809,VN49,VNT0,Recorded on SAP,8150302405,600003099,WF2076,30,,19.5,9.5,9.5,
74,4,44809,VN49,VNT0,Recorded on SAP,8150302405,600002606,AH19037,1,,2.051,27.432,27.813,
74,5,44809,VN49,VNT0,Recorded on SAP,8150302405,600002641,FF202,18,,23.346,12.08,12.17,
74,6,44809,VN49,VNT0,Recorded on SAP,8150302405,600017490,FS19732,6,,4.62,18,18,
74,7,44809,VN49,VNT0,Recorded on SAP,8150302405,600002393,AF25278,2,,11.68,44,44,
74,8,44809,VN49,VNT0,Recorded on SAP,8150302405,600084929,FS53014MX,36,,68.868,14.8,14.8,
74,9,44809,VN49,VNT0,Recorded on SAP,8150302405,600002393,AF25278,4,,23.36,44,44,
74,10,44809,VN49,VNT0,Recorded on SAP,8150302405,600002731,FS1006,60,,88.5,12.5,12.5,
74,11,44809,VN49,VNT0,Recorded on SAP,8150302405,600002627,DCA65L,360,,822.6,12,12,
74,12,44809,VN49,VNT0,Recorded on SAP,8150302405,600074824,CC2869,16,,360.64,28,28,
75,1,44809,VN49,VNT0,Recorded on SAP,8150302401,600003083,LF9018,1512,,2986.2,11.5,11.5,
76,1,44809,VN49,VNT0,Recorded on SAP,8150302790,600001683,3897337,1,,0.7,11,11,
76,2,44809,VN49,VNT0,Recorded on SAP,8150302790,600021033,0300-6315-02,2,,2.74,38,29,
76,3,44809,VN49,VNT0,Recorded on SAP,8150302790,600001858,3918174,5,,0.18,30,14,
76,4,44809,VN49,VNT0,Recorded on SAP,8150302790,600015186,3929011,1,,0.118,33,22,
76,5,44809,VN49,VNT0,Recorded on SAP,8150302790,600079991,0300-5685-01,1,,0.263,34,45,
76,6,44809,VN49,VNT0,Recorded on SAP,8150302790,600000562,0300-5180,1,,0.43,25,20,
76,7,44809,VN49,VNT0,Recorded on SAP,8150302790,600002384,AF25129M,15,,48,30,29,
76,8,44809,VN49,VNT0,Recorded on SAP,8150302790,600002385,AF25130M,15,,10.11,16.002,16.002,
76,9,44809,VN49,VNT0,Recorded on SAP,8150302790,600003081,LF9009,50,,78,12,12,
76,10,44809,VN49,VNT0,Recorded on SAP,8150302790,600014139,FF5580,20,,85,9,9,
76,11,44809,VN49,VNT0,Recorded on SAP,8150302790,600009310,FS20000,30,,28.95,17.899,13.983,
76,12,44809,VN49,VNT0,Recorded on SAP,8150302790,600029501,FS19596,40,,232.8,9.5,9.5,
76,13,44809,VN49,VNT0,Recorded on SAP,8150302790,600003097,WF2074,40,,24.08,6.96,15.79,
76,14,44809,VN49,VNT0,Recorded on SAP,8150302790,600083278,875714,60,,#N/A,#N/A,#N/A,
76,15,44809,VN49,VNT0,Recorded on SAP,8150302790,600029974,CC2638,8,,34.456,16.51,16.26,
76,16,44809,VN49,VNT0,Recorded on SAP,8150302790,600074824,CC2869,30,,676.2,28,28,
77,1,44816,VN49,VNT0,Recorded on SAP,8150302990,600095160,3931713,1,,15,15,58,
78,1,44818,VN49,VNT0,Recorded on SAP,8150303726,600002566,AF872,15,,97.5,43,43,
78,2,44818,VN49,VNT0,Recorded on SAP,8150303726,600002587,AH1100,3,,13.29,45.877,38.892,
78,3,44818,VN49,VNT0,Recorded on SAP,8150303726,600002605,AH19003,6,,9.51,22.86,22.86,
78,4,44818,VN49,VNT0,Recorded on SAP,8150303726,600029501,FS19596,6,,34.92,9.5,9.5,
78,5,44818,VN49,VNT0,Recorded on SAP,8150303726,600002429,AF25593,20,,114.6,43,43,
78,6,44818,VN49,VNT0,Recorded on SAP,8150303726,600002918,LF3325,84,,142.8,12,12,
78,7,44818,VN49,VNT0,Recorded on SAP,8150303726,600020051,LF9050,78,,209.04,14,14,
78,8,44818,VN49,VNT0,Recorded on SAP,8150303726,600003081,LF9009,10,,15.6,12,12,
78,9,44818,VN49,VNT0,Recorded on SAP,8150303726,600002740,FS1216,6,,8.25,32,12,
78,10,44818,VN49,VNT0,Recorded on SAP,8150303726,600002731,FS1006,150,,221.25,12.5,12.5,
78,11,44818,VN49,VNT0,Recorded on SAP,8150303726,600009310,FS20000,6,,5.79,17.899,13.983,
78,12,44818,VN49,VNT0,Recorded on SAP,8150303726,600002384,AF25129M,2,,6.4,30,29,
78,13,44818,VN49,VNT0,Recorded on SAP,8150303726,600002515,AF4674,3,,17.418,33.02,33.02,
78,14,44818,VN49,VNT0,Recorded on SAP,8150303726,600002393,AF25278,2,,11.68,44,44,
78,15,44818,VN49,VNT0,Recorded on SAP,8150303726,600002733,FS1009,12,,8.724,9,9,
78,16,44818,VN49,VNT0,Recorded on SAP,8150303726,600014139,FF5580,4,,17,9,9,
78,17,44818,VN49,VNT0,Recorded on SAP,8150303726,600002853,HF6319,52,,123.76,16.667,16.667,
78,18,44818,VN49,VNT0,Recorded on SAP,8150303726,600002735,FS1040,36,,301.32,12,12,
78,19,44818,VN49,VNT0,Recorded on SAP,8150303726,600002433,AF25627,20,,80,35,35,
78,20,44818,VN49,VNT0,Recorded on SAP,8150303726,600081260,LF14000NN,24,,40.8,11.5,11.5,
78,21,44818,VN49,VNT0,Recorded on SAP,8150303726,600002729,FS1000,48,,35.04,6.92,15.68,
78,22,44818,VN49,VNT0,Recorded on SAP,8150303726,600002433,AF25627,10,,40,35,35,
78,23,44818,VN49,VNT0,Recorded on SAP,8150303726,600002813,HF35255,30,,18.3,12.12,12.46,
78,24,44818,VN49,VNT0,Recorded on SAP,8150303726,600003586,HF28894,12,,11.16,9.5,9.5,
79,1,44818,VN49,VNT0,Recorded on SAP,8150303378,600003098,WF2075,50,,29.5,6.96,15.79,
79,2,44818,VN49,VNT0,Recorded on SAP,8150303378,600000584,3008400,2,,0.02,18,12,
79,3,44818,VN49,VNT0,Recorded on SAP,8150303378,600002579,AF928M,1,,2.94,37,37,
80,1,44818,VN49,VNT0,Recorded on SAP,8150303315,600110909,FS20019,6,,2.04,10,10,
81,1,44826,VN49,VNT0,Recorded on SAP,8150304000,600021075,HF28813,60,,14.4,6,6,
82,1,44830,VN49,VNT0,Recorded on SAP,8150304194,600002156,4089478,2,,4.824,100,38,
82,2,44830,VN49,VNT0,Recorded on SAP,8150304194,600067304,4089865,5,,25,17,17,
82,3,44830,VN49,VNT0,Recorded on SAP,8150304194,600015138,3938152,1,,0.09,53,21,
82,4,44830,VN49,VNT0,Recorded on SAP,8150304194,600001519,3802818,2,,0.86,3,3,
82,5,44830,VN49,VNT0,Recorded on SAP,8150304194,600001799,3909356,6,,0.006,2,2,
82,6,44830,VN49,VNT0,Recorded on SAP,8150304194,600004321,4932124,1,,0.064,35,21,
82,7,44830,VN49,VNT0,Recorded on SAP,8150304194,600072756,5269379,1,,0.18,6,6,
82,8,44830,VN49,VNT0,Recorded on SAP,8150304194,600109225,5473331,8,,1.04,10,7,
82,9,44830,VN49,VNT0,Recorded on SAP,8150304194,600071603,4996707,1,,8,45,30,
82,10,44830,VN49,VNT0,Recorded on SAP,8150304194,600095869,5367768,2,,32,46,33,
82,11,44830,VN49,VNT0,Recorded on SAP,8150304194,600095459,3963736,12,,0.72,4,3,
82,12,44830,VN49,VNT0,Recorded on SAP,8150304194,600095480,3968886,6,,0.636,10,10,
82,13,44830,VN49,VNT0,Recorded on SAP,8150304194,600003719,0300-4608-02,1,,2.432,53.6,30.7,
83,1,44834,VNT0,VN49,Recorded on SAP,8150304518,600067304,4089865,5,,25,17,17,
83,2,44834,VNT0,VN49,Recorded on SAP,8150304518,600089077,A048L394,1,,0.1,3,15,
84,1,44827,VN49,VNT0,Recorded on SAP,8150304117,600001498,3802421,20,,1.7,12.7,2.5,
84,2,44827,VN49,VNT0,Recorded on SAP,8150304117,#N/A,4891178,12,,#N/A,#N/A,#N/A,
84,3,44827,VN49,VNT0,Recorded on SAP,8150304117,600001520,3802820,4,,0.412,9,6,
84,4,44827,VN49,VNT0,Recorded on SAP,8150304117,#N/A,3926126,1,,#N/A,#N/A,#N/A,
84,5,44827,VN49,VNT0,Recorded on SAP,8150304117,600030227,4942278,16,,1.6,2,2,
84,6,44827,VN49,VNT0,Recorded on SAP,8150304117,600002669,FF5052,3,,1.23,8,8,
84,7,44827,VN49,VNT0,Recorded on SAP,8150304117,#N/A,3906854,4,,#N/A,#N/A,#N/A,
84,8,44827,VN49,VNT0,Recorded on SAP,8150304117,600001725,3904105,4,,0.096,15,10,
84,9,44827,VN49,VNT0,Recorded on SAP,8150304117,#N/A,3921926,2,,#N/A,#N/A,#N/A,
84,10,44827,VN49,VNT0,Recorded on SAP,8150304117,600030227,4942278,12,,1.2,2,2,
85,1,44838,VN49,VNT0,Recorded on SAP,8150305062,600027115,0300-6090,1,,0.42,19,17,
85,2,44838,VN49,VNT0,Recorded on SAP,8150305062,600072756,5269379,1,,0.18,6,6,
85,3,44838,VN49,VNT0,Recorded on SAP,8150305062,600009986,0193-0432,1,,0.09,14,4,
85,4,44838,VN49,VNT0,Recorded on SAP,8150305062,600010758,AF26173,1,,3.3,35,35,
85,5,44838,VN49,VNT0,Recorded on SAP,8150305062,600001830,3913628,1,,0.083,6,6,
85,6,44838,VN49,VNT0,Recorded on SAP,8150305062,600018205,4954905,2,,0.062,8.3,6,
86,1,44840,VNT0,VN49,Recorded on SAP,8150305006,600002438,AF25708M,10,,32.2,30.99,30.23,
87,1,44845,VN49,VNT0,Recorded on SAP,8150305304,600015760,FF5421,2,,1.478,6.58,15,
87,2,44845,VN49,VNT0,Recorded on SAP,8150305304,600095459,3963736,6,,0.36,4,3,
87,3,44845,VN49,VNT0,Recorded on SAP,8150305304,600001567,3803703,2,,11.4,18,18,
88,1,44851,VN49,VNT0,Recorded on SAP,8150305729,600000662,3021420,2,,1.4,6,6,
88,2,44851,VN49,VNT0,Recorded on SAP,8150305729,600053590,5282841,2,,20,32,32,
88,3,44851,VN49,VNT0,Recorded on SAP,8150305729,600002748,FS1251,2,,0.85,8,8,
88,4,44851,VN49,VNT0,Recorded on SAP,8150305729,600002176,4089998,1,,2.2,105,35,
89,1,44852,VNT0,VN49,Recorded on SAP,8150305737,600085241,880966,150,,#N/A,#N/A,#N/A,
90,1,44852,VN49,VNT0,Recorded on SAP,8150305890,600020476,4955853,1,,1.04,27,19,
90,2,44852,VN49,VNT0,Recorded on SAP,8150305890,600018234,4089460,6,,0.522,11,11,
90,3,44852,VN49,VNT0,Recorded on SAP,8150305890,600002166,4089649,1,,1.5,80,33,
90,4,44852,VN49,VNT0,Recorded on SAP,8150305890,600001492,3802376,1,,1.39,60,42,
91,1,44854,VNT0,VN49,Recorded on SAP,8150306109,600002438,AF25708M,6,,,30.99,30.23,
92,1,44859,VNT0,VN49,Recorded on SAP,8150306403,600010416,FS19709,1,,0.272,5.688,12.937,
92,2,44859,VNT0,VN49,Recorded on SAP,8150306403,600018213,FF5612,8,,5.408,6.96,15.79,
92,3,44859,VNT0,VN49,Recorded on SAP,8150306403,600104275,135144,8,,0.64,10,2,
93,1,44866,VN49,VNT0,Recorded on SAP,8150306912,600000447,206948,4,,0.02,1,1,
93,2,44866,VN49,VNT0,Recorded on SAP,8150306912,600085740,4955707,4,,49.88,36,37,
93,3,44866,VN49,VNT0,Recorded on SAP,8150306912,600001468,3802100,12,,12,13,13,
93,4,44866,VN49,VNT0,Recorded on SAP,8150306912,600001791,3908220,1,,0.112,12,8,
93,5,44866,VN49,VNT0,Recorded on SAP,8150306912,600001956,3934048,12,,7.32,11,6,
93,6,44866,VN49,VNT0,Recorded on SAP,8150306912,600010660,3047549RX,3,,30,17,17,
93,7,44866,VN49,VNT0,Recorded on SAP,8150306912,600079107,4319020,2,,1.142,24.8,5.1,
93,8,44866,VN49,VNT0,Recorded on SAP,8150306912,600030227,4942278,25,,2.5,2,2,
93,9,44866,VN49,VNT0,Recorded on SAP,8150306912,600104901,5339495,1,,0.204,30,12,
93,10,44866,VN49,VNT0,Recorded on SAP,8150306912,600112351,3802520,4,,0.616,8,4,
93,11,44866,VN49,VNT0,Recorded on SAP,8150306912,600001799,3909356,6,,0.006,2,2,
93,12,44866,VN49,VNT0,Recorded on SAP,8150306912,600001692,3900808,12,,0.024,2,2,
93,13,44866,VN49,VNT0,Recorded on SAP,8150306912,600001893,3921640,12,,0.06,2,2,
93,14,44866,VN49,VNT0,Recorded on SAP,8150306912,600001894,3921926,12,,0.66,22,18,
93,15,44866,VN49,VNT0,Recorded on SAP,8150306912,600026945,0309-0641-03,1,,0.068,6,6,
93,16,44866,VN49,VNT0,Recorded on SAP,8150306912,600094077,3921961,5,,0.09,14,14,
93,17,44866,VN49,VNT0,Recorded on SAP,8150306912,600015136,3920867,4,,0.568,16,5,
93,18,44866,VN49,VNT0,Recorded on SAP,8150306912,600032736,3920868,4,,0.576,17,5,
93,19,44866,VN49,VNT0,Recorded on SAP,8150306912,600053590,5282841,1,,10,32,32,
93,20,44866,VN49,VNT0,Recorded on SAP,8150306912,600110820,5693705,1,,1.3,26,19,
93,21,44866,VN49,VNT0,Recorded on SAP,8150306912,600000380,187160,3,,0.084,1,1,
93,22,44866,VN49,VNT0,Recorded on SAP,8150306912,600000935,3077198,20,,2,62,23,
93,23,44866,VN49,VNT0,Recorded on SAP,8150306912,600000722,3034855,1,,0.3,12,11,
93,24,44866,VN49,VNT0,Recorded on SAP,8150306912,600010664,4025310,2,,20.68,33,23,
93,25,44866,VN49,VNT0,Recorded on SAP,8150306912,600092635,3098353,4,,20,20,25,
93,26,44866,VN49,VNT0,Recorded on SAP,8150306912,600001583,3803977,18,,2.214,16,16,
93,27,44866,VN49,VNT0,Recorded on SAP,8150306912,600002604,AH19002,5,,8.14,23.792,23.792,
93,28,44866,VN49,VNT0,Recorded on SAP,8150306912,600001726,3904166,15,,15,13,13,
93,29,44866,VN49,VNT0,Recorded on SAP,8150306912,600093796,5473238,3,,7.89,19,16,
93,30,44866,VN49,VNT0,Recorded on SAP,8150306912,600001489,3802355,12,,1.68,5,5,
93,31,44866,VN49,VNT0,Recorded on SAP,8150306912,600001490,3802356,12,,1.8,17,5,
93,32,44866,VN49,VNT0,Recorded on SAP,8150306912,600002605,AH19003,3,,4.755,22.86,22.86,
93,33,44866,VN49,VNT0,Recorded on SAP,8150306912,600010766,4939587,3,,6.519,16,8,
93,34,44866,VN49,VNT0,Recorded on SAP,8150306912,600000939,3077716,12,,0.6,2,2,
93,35,44866,VN49,VNT0,Recorded on SAP,8150306912,600003951,3087587,24,,28.8,23,9,
93,36,44866,VN49,VNT0,Recorded on SAP,8150306912,600075383,4352578,4,,12.16,87.5,24.5,
93,37,44866,VN49,VNT0,Recorded on SAP,8150306912,600000873,3066882,2,,66.666,128,14,
93,38,44866,VN49,VNT0,Recorded on SAP,8150306912,600002156,4089478,3,,7.236,100,38,
93,39,44866,VN49,VNT0,Recorded on SAP,8150306912,600002176,4089998,2,,4.4,105,35,
93,40,44866,VN49,VNT0,Recorded on SAP,8150306912,600002748,FS1251,1,,0.425,8,8,
93,41,44866,VN49,VNT0,Recorded on SAP,8150306912,600001821,3912019,1,,4.01,23,18,
94,1,44872,VNT0,VN49,Recorded on SAP,8150307440,600002926,LF3345,2,,1.08,6.91,15.79,
95,1,44873,VN49,VNT0,Recorded on SAP,8150307570,600002220,68241,50,,6.75,8,2,
95,2,44873,VN49,VNT0,Recorded on SAP,8150307570,600000905,3071085,6,,0.21,4,4,
95,3,44873,VN49,VNT0,Recorded on SAP,8150307570,600000447,206948,4,,0.02,1,1,
95,4,44873,VN49,VNT0,Recorded on SAP,8150307570,600108910,3056476,2,,0.82,13,7,
95,5,44873,VN49,VNT0,Recorded on SAP,8150307570,600001830,3913628,1,,0.083,6,6,
95,6,44873,VN49,VNT0,Recorded on SAP,8150307570,600094759,3036576,1,,0.3,8,10,
95,7,44873,VN49,VNT0,Recorded on SAP,8150307570,600080564,2882087,72,,30.24,11,9,
95,8,44873,VN49,VNT0,Recorded on SAP,8150307570,600002415,AF25468,40,,51.4,22,22,
95,9,44873,VN49,VNT0,Recorded on SAP,8150307570,600002649,FF2203,6,,2.4,9.5,9.5,
95,10,44873,VN49,VNT0,Recorded on SAP,8150307570,600003098,WF2075,120,,70.8,6.96,15.79,
95,11,44873,VN49,VNT0,Recorded on SAP,8150307570,600002813,HF35255,30,,18.3,12.12,12.46,
95,12,44873,VN49,VNT0,Recorded on SAP,8150307570,600003083,LF9018,420,,829.5,11.5,11.5,
95,13,44873,VN49,VNT0,Recorded on SAP,8150307570,600003033,LF3970,48,,28.512,9.5,9.5,
95,14,44873,VN49,VNT0,Recorded on SAP,8150307570,600002750,FS1280,12,,6.96,17,9.5,
95,15,44873,VN49,VNT0,Recorded on SAP,8150307570,600110909,FS20019,12,,4.08,10,10,
95,16,44873,VN49,VNT0,Recorded on SAP,8150307570,600002669,FF5052,10,,4.1,8,8,
95,17,44873,VN49,VNT0,Recorded on SAP,8150307570,600001726,3904166,15,,15,13,13,
95,18,44873,VN49,VNT0,Recorded on SAP,8150307570,600093796,5473238,3,,7.89,19,16,
95,19,44873,VN49,VNT0,Recorded on SAP,8150307570,600001489,3802355,12,,1.68,5,5,
95,20,44873,VN49,VNT0,Recorded on SAP,8150307570,600001490,3802356,12,,1.8,17,5,
95,21,44873,VN49,VNT0,Recorded on SAP,8150307570,600010766,4939587,3,,6.519,16,8,
95,22,44873,VN49,VNT0,Recorded on SAP,8150307570,600000939,3077716,12,,0.6,2,2,
95,23,44873,VN49,VNT0,Recorded on SAP,8150307570,600003951,3087587,24,,28.8,23,9,
95,24,44873,VN49,VNT0,Recorded on SAP,8150307570,600075383,4352578,4,,12.16,87.5,24.5,
95,25,44873,VN49,VNT0,Recorded on SAP,8150307570,600002176,4089998,2,,4.4,105,35,
95,26,44873,VN49,VNT0,Recorded on SAP,8150307570,600002748,FS1251,1,,0.425,8,8,
95,27,44873,VN49,VNT0,Recorded on SAP,8150307570,600002632,FF105D,46,,20.7,6.91,15.79,
96,1,44875,VN49,VNT0,Recorded on SAP,8150307882,600000403,0193-0529-01,1,,0.07,12,9,
96,2,44875,VN49,VNT0,Recorded on SAP,8150307882,600010786,210118,3,,1.08,2,54,
96,3,44875,VN49,VNT0,Recorded on SAP,8150307882,600000939,3077716,12,,0.6,2,2,
96,4,44875,VN49,VNT0,Recorded on SAP,8150307882,600003951,3087587,4,,4.8,23,9,
96,5,44875,VN49,VNT0,Recorded on SAP,8150307882,600073104,3090704,12,,0.276,6,4,
96,6,44875,VN49,VNT0,Recorded on SAP,8150307882,600052447,3411845,12,,20.244,26.7,17.8,
96,7,44875,VN49,VNT0,Recorded on SAP,8150307882,600084371,3418030,12,,0.276,10,10,
96,8,44875,VN49,VNT0,Recorded on SAP,8150307882,600001337,3609826,4,,0.2,7,5,
96,9,44875,VN49,VNT0,Recorded on SAP,8150307882,600090331,3802301RX,2,,32,40,40,
96,10,44875,VN49,VNT0,Recorded on SAP,8150307882,600045504,3802325RX,15,,3.075,16,4,
96,11,44875,VN49,VNT0,Recorded on SAP,8150307882,600001489,3802355,12,,1.68,5,5,
96,12,44875,VN49,VNT0,Recorded on SAP,8150307882,600001498,3802421,12,,1.02,12.7,2.5,
96,13,44875,VN49,VNT0,Recorded on SAP,8150307882,600001519,3802818,12,,5.16,3,3,
96,14,44875,VN49,VNT0,Recorded on SAP,8150307882,600001567,3803703,12,,68.4,18,18,
96,15,44875,VN49,VNT0,Recorded on SAP,8150307882,600001583,3803977,18,,2.214,16,16,
96,16,44875,VN49,VNT0,Recorded on SAP,8150307882,600001726,3904166,15,,15,13,13,
96,17,44875,VN49,VNT0,Recorded on SAP,8150307882,600001791,3908220,2,,0.224,12,8,
96,18,44875,VN49,VNT0,Recorded on SAP,8150307882,600001791,3908220,2,,0.224,12,8,
96,19,44875,VN49,VNT0,Recorded on SAP,8150307882,600001821,3912019,3,,12.03,23,18,
96,20,44875,VN49,VNT0,Recorded on SAP,8150307882,600002069,4003950,4,,15.48,14,14,
96,21,44875,VN49,VNT0,Recorded on SAP,8150307882,600075383,4352578,4,,12.16,87.5,24.5,
96,22,44875,VN49,VNT0,Recorded on SAP,8150307882,600002192,4891178,4,,0.26,7,7,
96,23,44875,VN49,VNT0,Recorded on SAP,8150307882,600002196,4910355,4,,108,91,32,
96,24,44875,VN49,VNT0,Recorded on SAP,8150307882,600010766,4939587,3,,6.519,16,8,
96,25,44875,VN49,VNT0,Recorded on SAP,8150307882,600093796,5473238,3,,7.89,19,16,
96,26,44875,VN49,VNT0,Recorded on SAP,8150307882,600002220,68241,39,,5.265,8,2,
96,27,44875,VN49,VNT0,Recorded on SAP,8150307882,600080234,5363431,1,,10.15,46.6,19,
97,1,44879,VN49,VNT0,Recorded on SAP,,600095481,4933210,2,,6.044,47,47,
97,2,44879,VN49,VNT0,Recorded on SAP,,600000873,3066882,2,,66.666,128,14,
97,3,44879,VN49,VNT0,Recorded on SAP,,600080375,3685173,0,,0,19,19,
97,4,44879,VN49,VNT0,Recorded on SAP,,600080565,3689567,0,,0,109,39,
97,5,44879,VN49,VNT0,Recorded on SAP,,600001405,3800637,18,,3.96,4,4,
97,6,44879,VN49,VNT0,Recorded on SAP,,600081179,4034289RX,0,,0,16,25,
97,7,44879,VN49,VNT0,Recorded on SAP,,600002154,4089405,0,,0,13,6,
97,8,44879,VN49,VNT0,Recorded on SAP,,600066174,4298626,0,,0,122,8,
97,9,44879,VN49,VNT0,Recorded on SAP,,600074392,4299098,0,,0,118,38,
97,10,44879,VN49,VNT0,Recorded on SAP,,600086443,4299124,0,,0,21,19,
97,11,44879,VN49,VNT0,Recorded on SAP,,600086442,4299125,0,,0,13,13,
97,12,44879,VN49,VNT0,Recorded on SAP,,600079280,4356366,0,,0,9.5,4,
97,13,44879,VN49,VNT0,Recorded on SAP,,600096066,4376430,0,,0,18,18,
97,14,44879,VN49,VNT0,Recorded on SAP,,600014200,4955383,0,,0,24,24,
97,15,44879,VN49,VNT0,Recorded on SAP,,600004440,4965569,0,,0,24.8,5.1,
97,16,44879,VN49,VNT0,Recorded on SAP,,600096067,5405717,0,,0,17,17,
97,17,44879,VN49,VNT0,Recorded on SAP,,600092681,5406110,0,,0,18,16,
97,18,44879,VN49,VNT0,Recorded on SAP,,600112536,5658176,0,,#N/A,#N/A,#N/A,
97,19,44879,VN49,VNT0,Recorded on SAP,,600112721,5719778,0,,#N/A,#N/A,#N/A,
98,1,44879,VN49,VNT0,Recorded on SAP,8150308073,600111559,4938908,2,,4.57,20,32,
98,2,44883,VN49,VNT0,Recorded on SAP,8150308073,600112625,5366559,1,,1.11,19,19,
99,1,44883,VN49,VNT0,Recorded on SAP,8150308409,600095481,4933210,2,,6.044,47,47,
99,2,44883,VN49,VNT0,Recorded on SAP,8150308409,600001405,3800637,18,,3.96,4,4,
99,3,44883,VN49,VNT0,Recorded on SAP,8150308409,600000873,3066882,2,,66.666,128,14,
99,4,44883,VN49,VNT0,Recorded on SAP,8150308409,600111559,4938908,2,,4.57,20,32,
99,5,44883,VN49,VNT0,Recorded on SAP,8150308409,600002154,4089405,78,,25.74,13,6,
99,6,44883,VN49,VNT0,Recorded on SAP,8150308409,600074392,4299098,13,,28.34,118,38,
99,7,44883,VN49,VNT0,Recorded on SAP,8150308409,600096066,4376430,52,,390,18,18,
99,8,44883,VN49,VNT0,Recorded on SAP,8150308409,600096067,5405717,150,,22.5,17,17,
99,9,44883,VN49,VNT0,Recorded on SAP,8150308409,600092681,5406110,25,,87.5,18,16,
99,10,44883,VN49,VNT0,Recorded on SAP,8150308409,600004440,4965569,19,,11.59,24.8,5.1,
99,11,44883,VN49,VNT0,Recorded on SAP,8150308409,600080375,3685173,12,,0.408,19,19,
99,12,44883,VN49,VNT0,Recorded on SAP,8150308409,600080565,3689567,1,,2.2,109,39,
99,13,44883,VN49,VNT0,Recorded on SAP,8150308409,600081179,4034289RX,2,,5.02,16,25,
99,14,44883,VN49,VNT0,Recorded on SAP,8150308409,600066174,4298626,20,,283.2,122,8,
99,15,44883,VN49,VNT0,Recorded on SAP,8150308409,600086443,4299124,13,,0.143,21,19,
99,16,44883,VN49,VNT0,Recorded on SAP,8150308409,600086442,4299125,25,,0.225,13,13,
99,17,44883,VN49,VNT0,Recorded on SAP,8150308409,600079280,4356366,600,,18,9.5,4,
99,18,44883,VN49,VNT0,Recorded on SAP,8150308409,600014200,4955383,9,,5.22,24,24,
99,19,44883,VN49,VNT0,Recorded on SAP,8150308409,600112536,5658176,13,,#N/A,#N/A,#N/A,
99,20,44883,VN49,VNT0,Recorded on SAP,8150308409,600112721,5719778,25,,#N/A,#N/A,#N/A,
99,21,44883,VN49,VNT0,Recorded on SAP,8150308409,600111878,2837201D,2,,0.2,1,1,
100,1,44883,VNT0,VN49,Recorded on SAP,8150308432,600015185,3400698,1,,12.922,32,22,
100,2,44883,VNT0,VN49,Recorded on SAP,8150308432,600018168,2864080,1,,0.52,109,44,
100,3,44883,VNT0,VN49,Recorded on SAP,8150308432,600000853,3063022,2,,4.4,25,13,
100,4,44883,VNT0,VN49,Recorded on SAP,8150308432,600001588,3804300,1,,3,72,31,
100,5,44883,VNT0,VN49,Recorded on SAP,8150308432,600031292,60985,1,,0.22,10,10,
100,6,44883,VNT0,VN49,Recorded on SAP,8150308432,600045491,200398,1,,0.2,5,5,
100,7,44883,VNT0,VN49,Recorded on SAP,8150308432,600073390,4327234,1,,0.16,5.7,5.7,
100,8,44883,VNT0,VN49,Recorded on SAP,8150308432,600080232,149274,2,,0.536,11,11,
100,9,44883,VNT0,VN49,Recorded on SAP,8150308432,600080233,149437,8,,1.12,8,8,
100,10,44883,VNT0,VN49,Recorded on SAP,8150308432,600084711,3633972,2,,0.24,14,13,
100,11,44883,VNT0,VN49,Recorded on SAP,8150308432,600085709,3050944,1,,0.03,13,13,
100,12,44883,VNT0,VN49,Recorded on SAP,8150308432,600095545,3631295,3,,1.2,28,29,
100,13,44883,VNT0,VN49,Recorded on SAP,8150308432,600095986,3628931,1,,0.033,19,17,
100,14,44883,VNT0,VN49,Recorded on SAP,8150308432,600096947,3175452,1,,3,10,19,
100,15,44883,VNT0,VN49,Recorded on SAP,8150308432,600104276,207515,1,,0.03,1,1,
100,16,44883,VNT0,VN49,Recorded on SAP,8150308432,600104290,3076132,1,,1.2,24.9,9,
100,17,44883,VNT0,VN49,Recorded on SAP,8150308432,600104290,3076132,15,,18,24.9,9,
100,18,44883,VNT0,VN49,Recorded on SAP,8150308432,600104294,3628750,1,,0.05,6,6,
100,19,44883,VNT0,VN49,Recorded on SAP,8150308432,600104295,3628965,1,,20,18,23,
100,20,44883,VNT0,VN49,Recorded on SAP,8150308432,600104296,3633246,1,,0.204,4,8,
100,21,44883,VNT0,VN49,Recorded on SAP,8150308432,600104297,3634428,2,,4,75,5,
100,22,44883,VNT0,VN49,Recorded on SAP,8150308432,600104298,3634430,2,,1.2,25,26,
100,23,44883,VNT0,VN49,Recorded on SAP,8150308432,600104299,3644379,1,,0.13,22,9,
100,24,44883,VNT0,VN49,Recorded on SAP,8150308432,600104302,4955505RX,2,,76,45,45,
100,25,44883,VNT0,VN49,Recorded on SAP,8150308432,600104311,5413023,1,,0.91,25,25,
100,26,44883,VNT0,VN49,Recorded on SAP,8150308432,600104312,63223,2,,0.4,9,9,
100,27,44883,VNT0,VN49,Recorded on SAP,8150308432,600104347,3417958,1,,24,21,33,
100,28,44883,VNT0,VN49,Recorded on SAP,8150308432,600104441,3039524,1,,0.1,19,6,
101,1,44886,VNT0,VN49,Recorded on SAP,8150308470,600043990,2872254,1,,#N/A,#N/A,#N/A,
102,1,44889,VN49,VNT0,In Progress,8150308829,600095986,3628931,1,,0.033,19,17,
102,2,44889,VN49,VNT0,In Progress,8150308829,600086574,4923187,3,,0.57,15,2,
102,3,44889,VN49,VNT0,In Progress,8150308829,600086577,3328637,1,,0.05,10,2,
102,4,44889,VN49,VNT0,In Progress,8150308829,600105239,5259161,1,,0.058,10,9,
102,5,44889,VN49,VNT0,In Progress,8150308829,600095986,3628931,10,,0.33,19,17,
102,6,44889,VN49,VNT0,In Progress,8150308829,600085709,3050944,1,,0.03,13,13,
102,7,44889,VN49,VNT0,In Progress,8150308829,600095986,3628931,1,,0.033,19,17,
102,8,44889,VN49,VNT0,In Progress,8150308829,600104276,207515,1,,0.03,1,1,
102,9,44889,VN49,VNT0,In Progress,8150308829,600106996,A054J973,1,,2,26,32,
102,10,44889,VN49,VNT0,In Progress,8150308829,600002632,FF105D,10,,4.5,6.91,15.79,
103,1,44890,VN49,VNT0,In Progress,8150308906,600053590,5282841,1,,10,32,32,
104,1,44893,VN49,VNT0,In Progress,8150309065,600002196,4910355,2,,54,91,32,
104,2,44893,VN49,VNT0,In Progress,8150309065,600002176,4089998,3,,6.6,105,35,
104,3,44893,VN49,VNT0,In Progress,8150309065,600003951,3087587,20,,24,23,9,
104,4,44893,VN49,VNT0,In Progress,8150309065,600002176,4089998,2,,4.4,105,35,
104,5,44893,VN49,VNT0,In Progress,8150309065,600109225,5473331,30,,3.9,10,7,
104,6,44893,VN49,VNT0,In Progress,8150309065,600014088,3955393,48,,1.44,2,3,
104,7,44893,VN49,VNT0,In Progress,8150309065,600001405,3800637,12,,2.64,4,4,
104,8,44893,VN49,VNT0,In Progress,8150309065,600092634,4083012,1,,23,102,8,
104,9,44893,VN49,VNT0,In Progress,8150309065,600081179,4034289RX,2,,5.02,16,25,
105,1,44895,VNT0,VN49,In Progress,8150309215,600020051,LF9050,12,,32.16,14,14,
105,2,44895,VNT0,VN49,In Progress,8150309215,600001858,3918174,1,,0.036,30,14,
106,1,44900,VN49,VNT0,In Progress,8150309532,600001112,3288689,2,,0.44,32,9,
106,2,44900,VN49,VNT0,In Progress,8150309532,600001485,3802327,4,,0.8,3.5,3.5,
106,3,44900,VN49,VNT0,In Progress,8150309532,600001498,3802421,4,,0.34,12.7,2.5,
106,4,44900,VN49,VNT0,In Progress,8150309532,600001728,3904409,6,,0.024,5,2,
106,5,44900,VN49,VNT0,In Progress,8150309532,600002165,4089648,2,,2,53,21,
106,6,44900,VN49,VNT0,In Progress,8150309532,600072694,5297641,4,,0.268,6.2,4.1,
106,7,44900,VN49,VNT0,In Progress,8150309532,600018167,2863702,10,,0.05,8,8,
106,8,44900,VN49,VNT0,In Progress,8150309532,600112498,2871314,10,,0.06,18,13,
106,9,44900,VN49,VNT0,In Progress,8150309532,600112531,3047134,1,,0.03,15,10,
106,10,44900,VN49,VNT0,In Progress,8150309532,600015291,3064621,9,,0.144,2,2,
106,11,44900,VN49,VNT0,In Progress,8150309532,600012364,3070393,6,,0.132,4,1,
106,12,44900,VN49,VNT0,In Progress,8150309532,600068983,3076046,1,,0.19,18,4,
106,13,44900,VN49,VNT0,In Progress,8150309532,600085699,3201659,10,,0.01,2,2,
106,14,44900,VN49,VNT0,In Progress,8150309532,600052447,3411845,3,,5.061,26.7,17.8,
106,15,44900,VN49,VNT0,In Progress,8150309532,600112533,3417766,1,,3,58,7,
106,16,44900,VN49,VNT0,In Progress,8150309532,600027574,3804304,1,,0.231,13,13,
106,17,44900,VN49,VNT0,In Progress,8150309532,600046254,3820945,5,,0.05,8,8,
106,18,44900,VN49,VNT0,In Progress,8150309532,600068822,3820946,5,,0.01,5,5,
106,19,44900,VN49,VNT0,In Progress,8150309532,600112534,3882680,1,,0.091,18,18,
106,20,44900,VN49,VNT0,In Progress,8150309532,600001672,3883220,1,,0.402,10,10,
106,21,44900,VN49,VNT0,In Progress,8150309532,600112535,3899757,16,,0.32,10,10,
106,22,44900,VN49,VNT0,In Progress,8150309532,600001830,3913628,8,,0.664,6,6,
106,23,44900,VN49,VNT0,In Progress,8150309532,600080374,3964745,4,,27.84,25,19,
106,24,44900,VN49,VNT0,In Progress,8150309532,600099748,3973333,1,,0.34,84,15,
106,25,44900,VN49,VNT0,In Progress,8150309532,600002127,4070529,1,,0.33,94,35,
106,26,44900,VN49,VNT0,In Progress,8150309532,600089516,4078701,3,,44.1,44,30,
106,27,44900,VN49,VNT0,In Progress,8150309532,600092634,4083012,1,,23,102,8,
106,28,44900,VN49,VNT0,In Progress,8150309532,600084577,4083569,1,,4.477,12,5,
106,29,44900,VN49,VNT0,In Progress,8150309532,600002156,4089478,5,,12.06,100,38,
106,30,44900,VN49,VNT0,In Progress,8150309532,600018199,4089995,1,,0.583,9,9,
106,31,44900,VN49,VNT0,In Progress,8150309532,600112539,4318628,3,,0.102,18,13,
106,32,44900,VN49,VNT0,In Progress,8150309532,600081925,4386525,1,,8.5,66,23,
106,33,44900,VN49,VNT0,In Progress,8150309532,600095869,5367768,4,,64,46,33,
107,1,44901,VN49,VNT0,In Progress,8150309651,600027405,FF5632,2,,1.402,10.5,10.75,
108,1,44903,VN49,VNT0,In Progress,8150309904,600080565,3689567,2,,4.4,109,39,
108,2,44903,VN49,VNT0,In Progress,8150309904,600096066,4376430,25,,187.5,18,18,
108,3,44903,VN49,VNT0,In Progress,8150309904,600014200,4955383,4,,2.32,24,24,
108,4,44903,VN49,VNT0,In Progress,8150309904,600004440,4965569,6,,3.66,24.8,5.1,
108,5,44903,VN49,VNT0,In Progress,8150309904,600066174,4298626,1,,14.16,122,8,
109,1,44903,VN49,VNT0,In Progress,8150309921,600045393,2882120,6,,35.04,17,17,
109,2,44903,VN49,VNT0,In Progress,8150309921,600000662,3021420,1,,0.7,6,6,
110,1,44904,VNT0,VN49,In Progress,8150309974,600003877,3804718,1,,5.92,102,19,
110,2,44904,VNT0,VN49,In Progress,8150309974,600001830,3913628,1,,0.083,6,6,
110,3,44904,VNT0,VN49,In Progress,8150309974,600001821,3912019,3,,12.03,23,18,
110,4,44904,VNT0,VN49,In Progress,8150309974,600087360,FF5461,3,,1.29,5,12,
110,5,44904,VNT0,VN49,In Progress,8150309974,600001348,3627961,5,,0.095,7,7,
110,6,44904,VNT0,VN49,In Progress,8150309974,600002438,AF25708M,1,,3.22,30.99,30.23,
111,1,44904,VN49,VNT0,In Progress,8150309982,600044591,3966244,6,,0.696,8,4,
112,1,44908,VNT0,VN49,In Progress,8150310223,600020051,LF9050,12,,32.16,14,14,
113,1,44908,VN49,VNT0,In Progress,8150310242,600052447,3411845,1,,1.687,26.7,17.8,
114,1,44908,VN49,VNT0,In Progress,8150310243,600001483,3802322,6,,1.2,3.5,3.5,
114,2,44908,VN49,VNT0,In Progress,8150310243,600001779,3906659,10,,0.1,2,2,
114,3,44908,VN49,VNT0,In Progress,8150310243,600001484,3802325,6,,1.2,3.5,3.5,
114,4,44908,VN49,VNT0,In Progress,8150310243,600001779,3906659,10,,0.1,2,2,
114,5,44908,VN49,VNT0,In Progress,8150310243,600074285,5333477,2,,3.38,17,14.5,
114,6,44908,VN49,VNT0,In Progress,8150310243,600075248,2897691,1,,0.08,8,4,
115,1,44916,VN49,VNT0,In Progress,8150310920,600052447,3411845,2,,3.374,26.7,17.8,
116,1,44917,VN49,VNT0,In Progress,8150310946,600092634,4083012,1,,23,102,8,
116,2,44917,VN49,VNT0,In Progress,8150310946,600112530,3044360,6,,0.06,10,10,
116,3,44917,VN49,VNT0,In Progress,8150310946,600001956,3934048,1,,0.61,11,6,
117,1,44917,VN49,VNT0,In Progress,8150310947,600000848,3062322,2,,1.696,21,20,
117,2,44917,VN49,VNT0,In Progress,8150310947,600052447,3411845,1,,1.687,26.7,17.8,
117,3,44917,VN49,VNT0,In Progress,8150310947,600092633,4025159,1,,5,14,14,
118,1,44917,VN49,VNT0,In Progress,8150310948,600112530,3044360,1,,0.01,10,10,
118,2,44917,VN49,VNT0,In Progress,8150310948,600112499,3009330,10,,0.05,10,10,
119,1,44921,VNT0,VN49,In Progress,8150311036,600002669,FF5052,1,,0.41,8,8,
120,1,44921,VN49,VNT0,In Progress,8150311061,600109225,5473331,12,,1.56,10,7,
121,1,44921,VN49,VNT0,In Progress,8150311061,600104753,4090031,1,,35,50,50,
122,1,44921,VN49,VNT0,In Progress,8150311061,600003864,3092114,1,,0.235,13,8,
123,1,44921,VN49,VNT0,In Progress,8150311253,600095204,2882730,1,,113,115,27,
124,1,44925,VN49,VNT0,In Progress,8150311483,600003072,LF747,12,,15.72,12,12,
125,1,44929,VN49,VNT0,In Progress,8150311549,600003072,LF747,78,,102.18,12,12,
125,2,44929,VN49,VNT0,In Progress,8150311549,600002748,FS1251,6,,2.55,8,8,
125,3,44929,VN49,VNT0,In Progress,8150311549,600002750,FS1280,12,,6.96,17,9.5,
125,4,44929,VN49,VNT0,In Progress,8150311549,600003081,LF9009,60,,93.6,12,12,
125,5,44929,VN49,VNT0,In Progress,8150311549,600081260,LF14000NN,18,,30.6,11.5,11.5,
125,6,44929,VN49,VNT0,In Progress,8150311549,600003076,LF777,90,,125.1,12,12,
125,7,44929,VN49,VNT0,In Progress,8150311549,600003099,WF2076,60,,39,9.5,9.5,
125,8,44929,VN49,VNT0,In Progress,8150311549,600017490,FS19732,12,,9.24,18,18,
125,9,44929,VN49,VNT0,In Progress,8150311549,600002566,AF872,6,,39,43,43,
125,10,44929,VN49,VNT0,In Progress,8150311549,600002362,AF1921M,6,,28.38,31.907,31.907,
125,11,44929,VN49,VNT0,In Progress,8150311549,600014546,FF5327,6,,2.022,5.83,12.75,
125,12,44929,VN49,VNT0,In Progress,8150311549,600092994,HF35516,6,,4.854,12.865,17.339,
126,1,44931,VN49,VNT0,In Progress,8150311770,600112930,A054V134,1,,1,11,5,
126,2,44931,VN49,VNT0,In Progress,8150311770,600078932,0541-0809,2,,1.2,21,31,
126,3,44931,VN49,VNT0,In Progress,8150311770,600113065,4010509,1,,1,8,18,
127,1,44932,VN49,VNT0,In Progress,8150311936,600015301,FF5488,2,,1.2,9,9,
127,2,44932,VN49,VNT0,In Progress,8150311936,600007423,0193-0444,1,,0.1,4,4,
127,3,44932,VN49,VNT0,In Progress,8150311936,600045502,0300-4721-16,1,,0.2,8,6,
127,4,44932,VN49,VNT0,In Progress,8150311936,600000403,0193-0529-01,1,,0.07,12,9,
127,5,44932,VN49,VNT0,In Progress,8150311936,600088356,5413001,2,,2.4,26,26,
128,1,44937,VN49,VNT0,In Progress,8150312331,600018205,4954905,1,,0.031,8.3,6,
128,2,44937,VN49,VNT0,In Progress,8150312331,600045702,2892304,2,,8.88,41,14,
128,3,44937,VN49,VNT0,In Progress,8150312331,600033065,2881769,1,,57,40,40,
128,4,44937,VN49,VNT0,In Progress,8150312331,600003811,0326-0230,1,,0.113,10,10,
129,1,44939,VN49,VNT0,In Progress,8150312578,600111896,5473000,72,,576,20,20,
129,2,44939,VN49,VNT0,In Progress,8150312578,600080565,3689567,9,,19.8,109,39,
130,1,44939,VN49,VNT0,In Progress,8150312579,600111895,4298629,20,,345.2,122,8,
131,1,44943,VNT0,VN49,In Progress,8150312715,600020051,LF9050,20,,53.6,14,14,
131,2,44943,VNT0,VN49,In Progress,8150312715,600010766,4939587,3,,6.519,16,8,
131,3,44943,VNT0,VN49,In Progress,8150312715,600000935,3077198,1,,0.1,62,23,
132,1,44944,VN49,VNT0,In Progress,8150312751,600021075,HF28813,4,,0.96,6,6,
132,2,44956,VN49,VNT0,In Progress,8150312751,600002415,AF25468,20,,25.7,22,22,44
132,3,44956,VN49,VNT0,In Progress,8150312751,600002433,AF25627,20,,80,35,35,55
132,4,44956,VN49,VNT0,In Progress,8150312751,600002587,AH1100,7,,31.01,45.877,38.892,41.432
132,5,44956,VN49,VNT0,In Progress,8150312751,600002592,AH1135,30,,300,35,35,69
132,6,44956,VN49,VNT0,In Progress,8150312751,600002729,FS1000,60,,43.8,6.92,15.68,27.94
132,7,44956,VN49,VNT0,In Progress,8150312751,600002735,FS1040,12,,100.44,12,12,30
132,8,44956,VN49,VNT0,In Progress,8150312751,600021075,HF28813,66,,15.84,6,6,23
132,9,44956,VN49,VNT0,In Progress,8150312751,600003586,HF28894,12,,11.16,9.5,9.5,19
132,10,44956,VN49,VNT0,In Progress,8150312751,600002813,HF35255,30,,18.3,12.12,12.46,25.72
132,11,44956,VN49,VNT0,In Progress,8150312751,600027414,HF35381,12,,12.36,11.5,11,25.5
132,12,44956,VN49,VNT0,In Progress,8150312751,600002853,HF6319,105,,249.9,16.667,16.667,48.578
132,13,44956,VN49,VNT0,In Progress,8150312751,600002909,LF3000,6,,9.36,12.08,12.17,31.4
132,14,44956,VN49,VNT0,In Progress,8150312751,600003054,LF667,2,,2.62,11,11,26
132,15,44956,VN49,VNT0,In Progress,8150312751,600003076,LF777,120,,166.8,12,12,25
132,16,44956,VN49,VNT0,In Progress,8150312751,600003098,WF2075,120,,70.8,6.96,15.79,16.51
132,17,44956,VN49,VNT0,In Progress,8150312751,600003099,WF2076,120,,78,9.5,9.5,14
132,18,44956,VN49,VNT0,In Progress,8150312751,600003102,WF2126,6,,4.08,9.5,9.5,15
132,19,44956,VN49,VNT0,In Progress,8150312751,600002579,AF928M,12,,35.28,37,37,45.5
132,20,44956,VN49,VNT0,In Progress,8150312751,600002362,AF1921M,4,,18.92,31.907,31.907,63.34
132,21,44956,VN49,VNT0,In Progress,8150312751,600002534,AF4819,1,,1.444,19.685,19.685,48.26
132,22,44956,VN49,VNT0,In Progress,8150312751,600003054,LF667,2,,2.62,11,11,26
132,23,44956,VN49,VNT0,In Progress,8150312751,600002819,HF6097,6,,21.96,10,10,24
132,24,44956,VN49,VNT0,In Progress,8150312751,600092994,HF35516,6,,4.854,12.865,17.339,8.39
133,1,44957,VN49,VNT0,In Progress,8150312888,600080027,A026K278,1,,0.28,9,8,8
133,2,44957,VN49,VNT0,In Progress,8150312888,600016616,0122-0910,1,,0.375,9,9,15
133,3,44957,VN49,VNT0,In Progress,8150312888,600044725,0327-1520-02,1,,1.96,36,36,10
133,4,44957,VN49,VNT0,In Progress,8150312888,600086104,5362274,2,,2,14,13,16
133,5,44957,VN49,VNT0,In Progress,8150312888,600074291,LF516,12,,7.68,9.23,21.03,27.46
133,6,44957,VN49,VNT0,In Progress,8150312888,600015185,3400698,1,,12.922,32,22,28
133,7,44957,VN49,VNT0,In Progress,8150312888,600067800,5265994,2,,16,38,29,21
133,8,44957,VN49,VNT0,In Progress,8150312888,600002438,AF25708M,2,,6.44,30.99,30.23,59.69
134,1,44957,VNT0,VN49,In Progress,8150312895,600010766,4939587,3,,6.519,16,8,4
134,2,44957,VNT0,VN49,In Progress,8150312895,600010664,4025310,1,,10.34,33,23,38
135,1,44958,VN49,VNT0,In Progress,8150312979,600111895,4298629,2,,34.52,122,8,8
135,2,44958,VN49,VNT0,In Progress,8150312979,600074392,4299098,3,,6.54,118,38,1
135,3,44958,VN49,VNT0,In Progress,8150312979,600096066,4376430,19,,142.5,18,18,33
135,4,44958,VN49,VNT0,In Progress,8150312979,600096067,5405717,24,,3.6,17,17,3
135,5,44958,VN49,VNT0,In Progress,8150312979,600092681,5406110,4,,14,18,16,17
136,1,44964,VN49,VNT0,In Progress,8150313439,600002327,AF1735K,2,,3.568,24.5,24.5,47.5
136,2,44964,VN49,VNT0,In Progress,8150313439,600002438,AF25708M,2,,6.44,30.99,30.23,59.69
136,3,44964,VN49,VNT0,In Progress,8150313439,600003085,LF9325,16,,27.472,29,12.5,12.5
136,4,44964,VN49,VNT0,In Progress,8150313439,600067800,5265994,6,,48,38,29,21
136,5,44964,VN49,VNT0,In Progress,8150313439,600084458,4078321,1,,17.34,50,22,28
137,1,44965,VNT0,VN49,In Progress,8150313521,600043990,2872254,1,,#N/A,#N/A,#N/A,#N/A
137,2,44965,VNT0,VN49,In Progress,8150313521,600003951,3087587,6,,7.2,23,9,6
137,3,44965,VNT0,VN49,In Progress,8150313521,600001726,3904166,6,,6,13,13,26
138,1,44970,VN49,VNT0,In Progress,8150313768,600096180,5473305,7,,25.06,24,19,21
138,2,44970,VN49,VNT0,In Progress,8150313768,600014515,3937690RX,1,,8.3,41.6,28.3,27.6
138,3,44970,VN49,VNT0,In Progress,8150313768,600018161,4921475,1,,0.131,3,3,18
138,4,44970,VN49,VNT0,In Progress,8150313768,600098673,0130-4434,1,,0.052,4,1,1
138,5,44970,VN49,VNT0,In Progress,8150313768,600113143,0132-0499,1,,1,9,9,9
138,6,44970,VN49,VNT0,In Progress,8150313768,600073173,5263529,1,,3.63,18,16,17
138,7,44970,VN49,VNT0,In Progress,8150313768,600079991,0300-5685-01,1,,0.263,34,45,1
138,8,44970,VN49,VNT0,In Progress,8150313768,600112461,5491994,1,,0.06,7,6.5,4.5
138,9,44970,VN49,VNT0,In Progress,,600113144,0140-3288-01,4,,28,30,30,36
139,1,44970,VN49,VNT0,In Progress,8150313769,600000404,193736,18,,0.054,3,3,1
139,2,44970,VN49,VNT0,In Progress,8150313769,600066498,3033740,1,,0.03,10,15,1
139,3,44970,VN49,VNT0,In Progress,8150313769,600074895,3927313,1,,8,10,23,23
140,1,44970,VNT0,VN49,In Progress,8150313825,600080564,2882087,6,,2.52,11,9,7
140,2,44970,VNT0,VN49,In Progress,8150313825,600080375,3685173,1,,0.034,19,19,3
140,3,44970,VNT0,VN49,In Progress,8150313825,600080565,3689567,1,,2.2,109,39,2
140,4,44970,VNT0,VN49,In Progress,8150313825,600086443,4299124,1,,0.011,21,19,1
140,5,44970,VNT0,VN49,In Progress,8150313825,600086442,4299125,2,,0.018,13,13,1
140,6,44970,VNT0,VN49,In Progress,8150313825,600079280,4356366,48,,1.44,9.5,4,14
140,7,44970,VNT0,VN49,In Progress,8150313825,600014200,4955383,1,,0.58,24,24,3
140,8,44970,VNT0,VN49,In Progress,8150313825,600004440,4965569,2,,1.22,24.8,5.1,22.9
140,9,44970,VNT0,VN49,In Progress,8150313825,600111896,5473000,6,,48,20,20,37
140,10,44970,VNT0,VN49,In Progress,8150313825,600112536,5658176,1,,#N/A,#N/A,#N/A,#N/A
140,11,44970,VNT0,VN49,In Progress,8150313825,600112721,5719778,2,,#N/A,#N/A,#N/A,#N/A
141,1,44971,VN49,VNT0,In Progress,8150313854,600002393,AF25278,4,,23.36,44,44,50
142,1,44971,VNT0,VN49,In Progress,8150313868,600020051,LF9050,6,,16.08,14,14,32
143,1,44972,VNT0,VN49,In Progress,8150313902,600002156,4089478,1,,2.412,100,38,5
144,1,44973,VNT0,VN49,In Progress,8150313989,600002156,4089478,1,,2.412,100,38,5
145,1,44973,VNT0,VN49,In Progress,8150314091,600080026,0193-0568,1,,0.106,9,3.8,9
146,1,44973,VNT0,VN49,In Progress,8150314207,600096180,5473305,1,,3.58,24,19,
