Customer ID,Name
121020293,Customer 1
121055092,Customer 2
121076047,Customer 3
121078330,Customer 4
121090889,Customer 5
121093521,Customer 6
121100295,Customer 7
121103305,Customer 8
121106448,Customer 9
121112084,Customer 10
121123621,Customer 11
121132659,Customer 12
121133149,Customer 13
121141055,Customer 14
121148409,Customer 15
121149196,Customer 16
121154689,Customer 17
121154690,Customer 18
121155674,Customer 19
121139165,Customer 20
121091931,Customer 21
121135795,Customer 22
121136452,Customer 23
121064958,Customer 24
121062879,Customer 25
121053868,Customer 26
121134417,Customer 27
121020367,Customer 28
121041822,Customer 29
121112082,Customer 30
121104814,Customer 31
121158498,Customer 32
121158244,Customer 33
121122511,Customer 34
121134664,Customer 35
121042810,Customer 36
121158497,Customer 37
121154997,Customer 38
121020310,Customer 39
121101875,Customer 40
121133878,Customer 41
121158546,Customer 42
121158496,Customer 43
121153436,Customer 44
121088885,Customer 45
121141738,Customer 46
121076555,Customer 47
121126343,Customer 48
121049917,Customer 49
121064158,Customer 50
121020301,Customer 51
121150914,Customer 52
121058491,Customer 53
121156164,Customer 54
121134398,Customer 55
121138847,Customer 56
121148589,Customer 57
121132695,Customer 58
121047415,Customer 59
121155588,Customer 60
121158499,Customer 61
121049073,Customer 62
121020472,Customer 63
121158329,Customer 64
121047213,Customer 65
121064721,Customer 66
121139400,Customer 67
121108214,Customer 68
121020336,Customer 69
121153549,Customer 70
121110308,Customer 71
121020341,Customer 72
121107767,Customer 73
121157417,Customer 74
121128821,Customer 75
121079675,Customer 76
121156916,Customer 77
121067833,Customer 78
121112080,Customer 79
121136289,Customer 80
121020370,Customer 81
121099135,Customer 82
121144357,Customer 83
121044454,Customer 84
121134112,Customer 85
121020602,Customer 86
121075218,Customer 87
121020219,Customer 88
121154854,Customer 89
121147036,Customer 90
121075778,Customer 91
121089921,Customer 92
121155790,Customer 93
121069285,Customer 94
121034079,Customer 95
121084731,Customer 96
121158126,Customer 97
121090822,Customer 98
121123093,Customer 99
121149047,Customer 100
121020355,Customer 101
121103897,Customer 102
121020347,Customer 103
121135131,Customer 104
121157128,Customer 105
121135101,Customer 106
121158012,Customer 107
121137916,Customer 108
121066390,Customer 109
121020329,Customer 110
121098386,Customer 111
121158014,Customer 112
121151604,Customer 113
121156166,Customer 114
121066391,Customer 115
121044222,Customer 116
121020395,Customer 117
121157915,Customer 118
121048988,Customer 119
121156578,Customer 120
121117830,Customer 121
121156478,Customer 122
121157914,Customer 123
121103380,Customer 124
121020633,Customer 125
121146231,Customer 126
121134754,Customer 127
121140361,Customer 128
121157717,Customer 129
121035799,Customer 130
121074664,Customer 131
121117520,Customer 132
121020526,Customer 133
121132529,Customer 134
121131055,Customer 135
121149663,Customer 136
121042751,Customer 137
121092018,Customer 138
121130060,Customer 139
121156579,Customer 140
121154600,Customer 141
121091088,Customer 142
121152154,Customer 143
121075612,Customer 144
121020037,Customer 145
121102243,Customer 146
121150146,Customer 147
121035938,Customer 148
121020339,Customer 149
121157663,Customer 150
121140712,Customer 151
121093251,Customer 152
121020100,Customer 153
121157012,Customer 154
121049867,Customer 155
121120340,Customer 156
121043998,Customer 157
121139508,Customer 158
121157272,Customer 159
121126048,Customer 160
121157563,Customer 161
121104898,Customer 162
121098897,Customer 163
121123953,Customer 164
121050150,Customer 165
121154599,Customer 166
121020610,Customer 167
121154850,Customer 168
121064630,Customer 169
121107343,Customer 170
121106285,Customer 171
121114797,Customer 172
121020502,Customer 173
121059783,Customer 174
121156917,Customer 175
121097667,Customer 176
121153965,Customer 177
121138722,Customer 178
121020282,Customer 179
121155676,Customer 180
121157011,Customer 181
121059368,Customer 182
121020321,Customer 183
121050661,Customer 184
121020201,Customer 185
121069045,Customer 186
121150816,Customer 187
121020685,Customer 188
121156309,Customer 189
121144927,Customer 190
121020070,Customer 191
121108531,Customer 192
121099219,Customer 193
121139650,Customer 194
121020337,Customer 195
121049916,Customer 196
121060822,Customer 197
121063626,Customer 198
121151372,Customer 199
121156648,Customer 200
121131734,Customer 201
121156381,Customer 202
121147383,Customer 203
121124640,Customer 204
121149727,Customer 205
121050411,Customer 206
121156477,Customer 207
121051180,Customer 208
121114652,Customer 209
121115919,Customer 210
121069572,Customer 211
121156334,Customer 212
121117492,Customer 213
121103051,Customer 214
121102167,Customer 215
121128593,Customer 216
121077288,Customer 217
121141246,Customer 218
121154992,Customer 219
121155528,Customer 220
121136692,Customer 221
121087393,Customer 222
121153883,Customer 223
121156335,Customer 224
121132644,Customer 225
121109203,Customer 226
121087133,Customer 227
121153439,Customer 228
121063031,Customer 229
121124859,Customer 230
121120461,Customer 231
121043463,Customer 232
121058243,Customer 233
121057220,Customer 234
121110582,Customer 235
121059354,Customer 236
121148195,Customer 237
121150027,Customer 238
121154715,Customer 239
121155531,Customer 240
121155202,Customer 241
121049848,Customer 242
121020296,Customer 243
121089238,Customer 244
121091426,Customer 245
121020316,Customer 246
121148016,Customer 247
121134121,Customer 248
121047294,Customer 249
121117510,Customer 250
121155230,Customer 251
121155185,Customer 252
121129154,Customer 253
121039626,Customer 254
121132981,Customer 255
121155071,Customer 256
121087380,Customer 257
121036847,Customer 258
121090454,Customer 259
121153437,Customer 260
121089359,Customer 261
121155072,Customer 262
121147593,Customer 263
121020582,Customer 264
121128739,Customer 265
121080321,Customer 266
121153961,Customer 267
121052801,Customer 268
121146949,Customer 269
121075347,Customer 270
121144163,Customer 271
121152037,Customer 272
121120572,Customer 273
121154598,Customer 274
121103079,Customer 275
121020486,Customer 276
121045715,Customer 277
121067742,Customer 278
121092070,Customer 279
121091203,Customer 280
121090337,Customer 281
121144502,Customer 282
121155337,Customer 283
121154129,Customer 284
121153967,Customer 285
121145318,Customer 286
121153550,Customer 287
121091059,Customer 288
121020292,Customer 289
121148417,Customer 290
121146846,Customer 291
121153963,Customer 292
121114152,Customer 293
121152950,Customer 294
121146732,Customer 295
121098431,Customer 296
121075228,Customer 297
121151825,Customer 298
121063670,Customer 299
121090577,Customer 300
121152664,Customer 301
121127611,Customer 302
121150569,Customer 303
121134980,Customer 304
121069839,Customer 305
121149904,Customer 306
121153551,Customer 307
121153548,Customer 308
121153438,Customer 309
121020146,Customer 310
121019913,Customer 311
121140619,Customer 312
121086085,Customer 313
121151601,Customer 314
121139263,Customer 315
121145174,Customer 316
121053297,Customer 317
121060249,Customer 318
121095244,Customer 319
121108285,Customer 320
121074551,Customer 321
121134084,Customer 322
121032157,Customer 323
121153171,Customer 324
121152717,Customer 325
121019904,Customer 326
121152744,Customer 327
121091387,Customer 328
121065563,Customer 329
121112868,Customer 330
121106621,Customer 331
121136693,Customer 332
121020361,Customer 333
121127578,Customer 334
121065683,Customer 335
121151712,Customer 336
121131113,Customer 337
121020331,Customer 338
121079984,Customer 339
121112825,Customer 340
121131987,Customer 341
121059812,Customer 342
121020271,Customer 343
121133795,Customer 344
121147145,Customer 345
121150025,Customer 346
121126051,Customer 347
121032161,Customer 348
121150819,Customer 349
121020280,Customer 350
121151711,Customer 351
121121373,Customer 352
